电影名称（中文）,电影名称（英文）,排名,年份,评分,导演,主要演员,类型,国家/地区,语言,时长,热门评论
摔跤吧！爸爸,Dangal,No.36,2016,9.0,涅提·蒂瓦里,阿米尔·汗 / 法缇玛·萨那·纱卡 / 桑亚·玛荷塔 / 阿帕尔夏克提·库拉那 / 沙克希·坦沃 / 塞伊拉·沃西 / 苏哈妮·巴特纳格尔 / 里特维克·萨霍里 / 吉里什·库卡尼,剧情/家庭/传记/运动, 印度, 印地语 / 英语,161分钟(印度),这么好的一部电影。。弄得这踏马什么破译名。。听起来像儿童片似的。。
海上钢琴师,La leggenda del pianista sull'oceano,No.13,1998,9.3,朱塞佩·托纳多雷,蒂姆·罗斯 / 普路特·泰勒·文斯 / 比尔·努恩 / 克兰伦斯·威廉姆斯三世 / 梅兰尼·蒂埃里 / 皮特·沃恩 / 尼尔·奥布赖恩 / 阿尔贝托·巴斯克斯 / 加布里埃莱·拉维亚 / 科里·巴克 / 西德尼·科尔 / Luigi De Luca / 尼古拉·迪·平托 / 费米·依鲁福祖 / 伊斯顿·盖奇 / 凯文·麦克纳利 / 布莱恩·普林格 / 沙拉·鲁宾 / 希思科特·威廉姆斯 / 阿妮妲·扎格利亚 / 安吉洛·迪洛雷塔,剧情/音乐, 意大利, 英语 / 法语 / 意大利语,165分钟,某一天我突然明白，他不能离开的不是那艘船，而是那片养育他的精神家园
大话西游之月光宝盒,西遊記第壹佰零壹回之月光寶盒,No.43,1995,9.0,刘镇伟,周星驰 / 吴孟达 / 罗家英 / 蓝洁瑛 / 莫文蔚 / 江约诚 / 陆树铭 / 刘镇伟 / 朱茵 / 李健仁,喜剧/爱情/奇幻/古装, 中国香港 / 中国大陆, 粤语 / 汉语普通话,87分钟,大话西游是一代人心中的经典.
大话西游之大圣娶亲,西遊記大結局之仙履奇緣,No.19,1995,9.2,刘镇伟,周星驰 / 吴孟达 / 朱茵 / 蔡少芬 / 蓝洁瑛 / 莫文蔚 / 罗家英 / 刘镇伟 / 陆树铭 / 李健仁,喜剧/爱情/奇幻/古装, 中国香港 / 中国大陆, 粤语 / 汉语普通话,95分钟,我猜中了开头，却猜不到这结局。/ 20141024 在影院哭死
楚门的世界,The Truman Show,No.12,1998,9.3,彼得·威尔,金·凯瑞 / 劳拉·琳妮 / 艾德·哈里斯 / 诺亚·艾默里奇 / 娜塔莎·麦克艾霍恩,剧情/科幻, 美国, 英语,103分钟,"那个导演好恶心，那群观众更恶心，反乌托邦就是要反这班偷窥成狂的上帝。自由的意志是不能任人摆布的，如果我是楚门，但愿你永远不要让我发现真相，不然我将诅咒你们所有人——FUCK OFF, SCREW YOU ALL!"
这个杀手不太冷,Léon,No.5,1994,9.4,吕克·贝松,让·雷诺 / 娜塔莉·波特曼 / 加里·奥德曼 / 丹尼·爱罗 / 彼得·阿佩尔 / 迈克尔·巴达鲁科 / 艾伦·格里尼 / 伊丽莎白·瑞根 / 卡尔·马图斯维奇 / 弗兰克·赛格 / 麦温 / 乔治·马丁 / 罗伯特·拉萨多 / 亚当·布斯奇 / 马里奥·托迪斯科 / 萨米·纳塞利,剧情/动作/犯罪, 法国 / 美国, 英语 / 意大利语 / 法语,110分钟(剧场版),她对Leon说，自从遇见你后，我的胃，再也不痛了……
千与千寻,千と千尋の神隠し,No.7,2001,9.4,宫崎骏,柊瑠美 / 入野自由 / 夏木真理 / 菅原文太 / 中村彰男 / 玉井夕海 / 神木隆之介 / 内藤刚志 / 泽口靖子 / 我修院达也 / 大泉洋 / 小林郁夫 / 上条恒彦 / 小野武彦,剧情/动画/奇幻, 日本, 日语,125分钟,不努力工作会变成猪
美丽人生,La vita è bella,No.6,1997,9.6,罗伯托·贝尼尼,罗伯托·贝尼尼 / 尼可莱塔·布拉斯基 / 乔治·坎塔里尼 / 朱斯蒂诺·杜拉诺 / 赛尔乔·比尼·布斯特里克 / 玛丽萨·帕雷德斯 / 霍斯特·布赫霍尔茨 / 利迪娅·阿方西 / 朱利亚娜·洛约迪切 / 亚美利哥·丰塔尼 / 彼得·德·席尔瓦 / 弗朗西斯·古佐 / 拉法埃拉·莱博罗尼 / 克劳迪奥·阿方西 / 吉尔·巴罗尼 / 马西莫·比安奇 / 恩尼奥·孔萨尔维 / 吉安卡尔洛·科森蒂诺 / 阿伦·克雷格 / 汉尼斯·赫尔曼 / 弗兰科·梅斯科利尼 / 安东尼奥·普雷斯特 / 吉娜·诺维勒 / 理查德·塞梅尔 / 安德烈提多娜 / 迪尔克·范登贝格 / 奥梅罗·安东努蒂,剧情/喜剧/爱情/战争, 意大利, 意大利语 / 德语 / 英语,116分钟,如果谎言可以这样美丽，我也情愿生活在谎言之中
无间道,無間道,No.17,2002,9.3,刘伟强 / 麦兆辉,刘德华 / 梁朝伟 / 黄秋生 / 曾志伟 / 郑秀文 / 陈慧琳 / 陈冠希 / 余文乐 / 杜汶泽 / 林家栋 / 萧亚轩,剧情/惊悚/犯罪, 中国香港, 粤语,101分钟,我还是不能理解为什么美国人可以这么无耻直接拿本子过去拍出烂片还得了奥斯卡但是不给这部片子正名?
当幸福来敲门,The Pursuit of Happyness,No.22,2006,9.2,加布里埃莱·穆奇诺,威尔·史密斯 / 贾登·史密斯 / 坦迪·牛顿 / 布莱恩·豪威  / 詹姆斯·凯伦 / 丹·卡斯泰兰尼塔 / 柯特·富勒 / 塔卡尤·费舍尔 / 凯文·韦斯特 / 乔治·张 / 戴维·迈克尔·西尔弗曼 / 多米尼克·博夫 / 杰弗·卡伦 / 乔伊芙·拉文 / 斯科特·克拉斯,剧情/家庭/传记, 美国, 英语 / 粤语,117分钟,我一直记得，有人对我说：当你迈过这个坎之后，你会发现，还会有什么不可以面对的困难。
怦然心动,Flipped,No.25,2010,9.1,罗伯·莱纳,玛德琳·卡罗尔 / 卡兰·麦克奥利菲 / 瑞贝卡·德·莫妮 / 安东尼·爱德华兹 / 约翰·马奥尼 / 佩内洛普·安·米勒 / 艾丹·奎因 / 凯文·韦斯曼 / 摩根·莉莉 / 瑞安·克茨纳 / 吉莉安·普法夫 / 迈克尔·博萨 / 博·勒纳 / 杰奎琳·埃沃拉 / 泰勒·格鲁秀斯 / 艾莉·布莱恩特 / 阿什莉·泰勒 / 伊瑟尔·布罗萨德 / 科迪·霍恩 / 迈克尔·博尔顿 / 肖恩·哈珀 / 斯戴芬妮·斯考特 / 帕特丽夏·伦茨 / 马修·戈尔德 / 阿罗拉·凯瑟琳·史密斯 / 凯莉·唐纳利 / 索菲亚·撒高 / 米歇尔·梅斯默 / 斯科特·乔尔·吉兹基 / 罗德·迈尔斯 / 卡拉 帕西托 / 凯特琳·帕西托,剧情/喜剧/爱情, 美国, 英语,90分钟,我看完后也对这女孩感触特别深，她独立而勤劳，恪守自尊但又不敏感到浑身长刺，正像邦妮另外一条说的，没有那个男孩，她也会生长得很好。对于成长电影来说，它对孩子和家长都很有教育意义，不论面对挫折还是爱，它都有非常正向的可贵的价值观。
哈尔的移动城堡,ハウルの動く城,No.40,2004,9.1,宫崎骏,倍赏千惠子 / 木村拓哉 / 美轮明宏 / 我修院达也 / 神木隆之介 / 伊崎充则 / 大泉洋 / 大塚明夫 / 原田大二郎 / 加藤治子 / 都筑香弥子,动画/奇幻/冒险, 日本, 日语,119分钟,宫崎骏的片子里。老奶奶都很丑。但都是好老奶奶。
活着, ,No.30,1994,9.3,张艺谋,葛优 / 巩俐 / 姜武 / 牛犇 / 郭涛 / 张璐 / 倪大红 / 肖聪 / 董飞 / 刘天池 / 董立范 / 黄宗洛 / 刘燕瑾 / 李连义 / 杨同顺,剧情/家庭/历史, 中国大陆 / 中国香港, 汉语普通话,132分钟,年代记实录，看了让人不舒服，特别是里面的台词，虽然他们在拼尽全力的活着，可是却又显得如此可笑和悲凉。“小鸡长大了就变成了鹅，鹅长大了就变成了羊，羊长大了就变成了牛，牛长大了就是共产主义了。”
龙猫,となりのトトロ,No.24,1988,9.2,宫崎骏,日高法子 / 坂本千夏 / 糸井重里 / 岛本须美 / 北林谷荣 / 高木均 / 雨笠利幸 / 丸山裕子 / 广濑正志 / 鹫尾真知子 / 铃木玲子 / 千叶繁 / 龙田直树 / 鳕子 / 西村朋纮 / 石田光子 / 神代知衣 / 中村大树 / 水谷优子 / 平松晶子 / 大谷育江,动画/奇幻/冒险, 日本, 日语,86分钟,如果你在下雨天的车站，遇到被淋湿的妖怪，请把雨伞借给它，你会得到森林的通行证哦
乱世佳人,Gone with the Wind,No.33,1939,9.3,维克多·弗莱明 / 乔治·库克 / 山姆·伍德,费雯·丽 / 克拉克·盖博 / 奥利维娅·德哈维兰 / 托马斯·米切尔 / 芭芭拉·欧内尔 / 伊夫林·凯耶斯 / 安·卢瑟福德 / 乔治·里弗斯 / 弗莱德·克莱恩 / 海蒂·麦克丹尼尔斯 / 奥斯卡·波尔克 / 巴特弗莱·麦昆 / 维克托·乔里 / 埃弗雷特·布朗 / 霍华德·C·希克曼 / 艾丽西亚·瑞特 / 莱斯利·霍华德 / 兰德·布鲁克斯 / 卡洛尔·奈 / 劳拉·霍普·克鲁斯 / 埃迪·安德森 / 哈里·达文波特 / 利昂娜·罗伯特 / 简·达威尔 / 欧娜·满森 / 保罗·赫斯特 / 伊莎贝尔·朱尔 / 卡米·金·肯伦 / 艾瑞克·林登 / J·M·克里根 / 沃德·邦德 / 莉莲·肯布尔-库珀,剧情/爱情/历史/战争, 美国, 英语,238分钟,请上帝保佑那个真正爱你的人吧，你把他的心都揉碎了。
素媛,소원,No.34,2013,9.3,李濬益,薛景求 / 严志媛 / 李来 / 金海淑 / 金相浩 / 罗美兰 / 杨真诚 / 权泰元,剧情, 韩国, 韩语,122分钟,"""最孤独的人最亲切，受过伤的人总是笑的最灿烂，因为他们不愿让身边的人承受一样的痛苦"" 从素媛到素望，生活有阳光才有希望，可可梦是全片最治愈点，哭成傻逼。“我总想睡一觉就能回到过去，可早上起来发现，还是没有任何变化，太伤心了...以前奶奶说，哎哟要死要死了，这大概就是人活在世的意义”"
飞屋环游记,Up,No.35,2009,9.1,彼特·道格特 / 鲍勃·彼德森,爱德华·阿斯纳 / 克里斯托弗·普卢默 / 乔丹·长井 / 鲍勃·彼德森 / 德尔罗伊·林多 / 杰罗姆·兰福特 / 约翰·拉岑贝格 / 大卫·卡耶 / 艾丽·道克特 / 杰里米·利里 / 米凯·麦高万 / 丹尼·曼恩 / 唐纳德·富利洛夫 / 杰斯·哈梅尔 / 乔什·库雷 / 彼特·道格特,剧情/喜剧/动画/冒险, 美国, 英语,96分钟,最后那些最无聊的事情，才是我最怀念的。
天空之城,天空の城ラピュタ,No.44,1986,9.1,宫崎骏,田中真弓 / 横泽启子 / 初井言荣 / 寺田农 / 常田富士男 / 永井一郎 / 糸博 / 鹫尾真知子 / 神山卓三 / 安原义人 / 槐柳二 / 鳕子,动画/奇幻/冒险, 日本, 日语,125分钟,我看这部一直会哭，看了几次哭了几次，也不知道为了什么。总之，一看到手臂长长的铁皮人寂寥的站在那座城中，就控制不住了。
天堂电影院,Nuovo Cinema Paradiso,No.46,1988,9.2,朱塞佩·托纳多雷,菲利普·努瓦雷 / 雅克·贝汉 / 马克·莱昂纳蒂 / 萨瓦特利·卡西欧 / 莱奥波多·特里耶斯泰 / 安东内拉·阿蒂利 / 恩佐·卡拉瓦勒 / 艾萨·丹尼埃利 / 里奥·故罗塔 / 普佩拉·玛奇奥 / 阿格妮丝·那诺 / 塔诺·希玛罗萨 / 尼古拉·迪·平托 / 罗伯塔·蕾娜 / 尼诺·戴罗佐 / 玛丽娜·朱迪切 / 比阿特丽斯·帕姆 / 布丽吉特·佛西 / 朱塞佩·托纳多雷,剧情/爱情, 意大利 / 法国, 意大利语,155分钟,如此美丽，如此悲伤。那些吻戏，那些青春，都在影院的黑暗里被泪水冲刷得无比清晰。
大闹天宫, ,No.54,1961,9.4,万籁鸣,邱岳峰 / 富润生 / 毕克 / 尚华 / 于鼎 / 李梓 / 刘广宁,剧情/动画/奇幻/古装, 中国大陆, 汉语普通话,113分钟,向中国早期的动画制作人员致敬！
你看起来好像很好吃,おまえうまそうだな,No.188,2010,8.9,藤森雅也,山口胜平 / 爱河里花子 / 加藤清史郎 / 原田知世 / 川岛得爱 / 折笠富美子 / 桐本拓哉 / 别所哲也 / 矢田稔 / 川村万梨阿 / 高乃丽 / 小室正幸 / 江川央生 / 志村知幸 / 胜沼纪义 / 井田国男 / 宫西达也 / 宫西美奈子,剧情/动画/儿童, 日本, 日语,90分钟,这个故事告诉我们霸王龙也是可以过肩摔的！！！！！！（小甲龙的声音怎么可以这么萌T▽T（话说这片是天然腐啊兄弟爱父子情敌友CP啥的
地球上的星星,Taare Zameen Par,No.237,2007,8.9,阿米尔·汗,达席尔·萨法瑞 / 阿米尔·汗 / 塔奈·切赫达 / 萨谢·英吉尼尔 / 蒂丝卡·乔普拉 / 维品·沙尔马 / 拉利塔·拉伊米 / 吉里贾·奥克 / 拉维·汗维尔卡尔 / 普拉蒂玛·库尔卡尼 / 梅娜·马里克 / 索纳利·萨查德夫 / 桑贾伊·达迪克 / 拉加·戈帕尔·耶尔 / 布格斯·巴尔加瓦 / 尚卡尔·萨查德夫 / M·K·拉伊纳,剧情/家庭/儿童, 印度, 印地语 / 英语,165分钟,为什么一定要成为全才，为什么一定要有出息，不会拼写有什么关系，不会系鞋带又有什么关系，你懂得什么是想象，你能画出美丽的池塘夜色吗。要相信每个人都有别人无法超越的那一面，可悲的不是有其他方面表现的比别人差，而是有些人一辈子都发现不了自己最闪光的那一面。喜欢最后一幕ishaan奔向nikumbh，脸上泛着喜悦与自信的光芒。
侧耳倾听,耳をすませば,No.124,1995,8.9,近藤喜文,本名阳子 / 小林桂树 / 高山南 / 高桥一生 / 山下容莉枝 / 室井滋 / 露口茂 / 饭冢雅弓,剧情/爱情/动画, 日本, 日语 / 英语,111分钟,"...................如果不是片尾的一句""你愿意嫁给我吗"" 我愿意打五星"
疯狂动物城,Zootopia,No.18,2016,9.2,拜伦·霍华德 / 瑞奇·摩尔 / 杰拉德·布什,金妮弗·古德温 / 杰森·贝特曼 / 伊德里斯·艾尔巴 / 珍妮·斯蕾特 / 内特·托伦斯 / 邦尼·亨特 / 唐·雷克 / 汤米·钟 / J·K·西蒙斯 / 奥克塔维亚·斯宾瑟 / 艾伦·图代克 / 夏奇拉 / 雷蒙德·S·佩尔西 / 德拉·萨巴 / 莫里斯·拉马奇 / 菲尔·约翰斯顿 / 约翰·迪·马吉欧 / 凯蒂·洛斯 / 吉塔·雷迪 / 杰西·科尔蒂 / 汤米·利斯特 / 乔希·达拉斯 / 瑞奇·摩尔 / 凯斯·索西 / 彼得·曼斯布里奇 / 拜伦·霍华德 / 杰拉德·布什 / 马克·史密斯 / 乔西·特立尼达 / 约翰·拉维尔 / 克里斯汀·贝尔 / 吉尔·科德斯 / 梅利莎·古德温,喜剧/动画/冒险, 美国, 英语 / 挪威语,109分钟(中国大陆),树懒太他妈好笑了！！那两分钟我嗓子都哑了！！卧槽！！真是太他妈好笑了！！
纵横四海,緃横四海,No.169,1991,8.8,吴宇森,周润发 / 张国荣 / 钟楚红 / 朱江 / 曾江 / 胡枫 / 唐宁 / 邓一君,剧情/喜剧/动作/犯罪, 中国香港, 粤语 / 汉语普通话 / 客家话 / 英语 / 法语,108分钟,看过多遍，完全被三个人特有的自身魅力迷住，张国荣用红酒越红外线、三个人的舞蹈，至今都是经典。还有，发哥说，伊拉克不打仗。那是91年。
狩猎,Jagten,No.95,2012,9.1,托马斯·温特伯格,麦斯·米科尔森 / 托玛斯·博·拉森 / 安妮卡·韦德科普 / 拉丝·弗格斯托姆 / 苏西·沃德 / 安妮·路易丝·哈辛 / 拉斯·兰特 / 亚历山德拉·拉帕波特,剧情, 丹麦 / 瑞典, 丹麦语 / 英语 / 波兰语,115分钟,占据道德的制高点猎杀他者，你手上可有血污！？
穿条纹睡衣的男孩,The Boy in the Striped Pajamas,No.68,2008,9.1,马克·赫尔曼,阿萨·巴特菲尔德 / 维拉·法米加 / 卡拉·霍根 / 祖萨·霍尔 / 安贝尔·比蒂 / 拉斯洛·阿隆 / 大卫·休里斯 / 理查德·约翰逊 / 谢拉·汉考克 / 伊凡·弗雷贝利 / 贝拉·费斯彼姆 / 阿提拉·埃杰德 / 鲁伯特·弗兰德 / 大卫·海曼 / 吉姆·诺顿 / 杰克·塞隆 / 米哈利·绍鲍多什 / 泽索特·萨法尔·科夫卡 / 奥索利亚·茱莉娅·帕普,剧情/战争, 英国 / 美国, 英语 / 西班牙语,94分钟,穿小短西裤衬衫背心的宝贝，眼睛像透明湖水能看穿一切的纯净。以为穿条纹睡衣的男孩会化作烟囱里的浓烟，可这么一个仓促的结局，大雨像硫酸一样砸向心脏。
闻香识女人,Scent of a Woman,No.47,1992,9.1,马丁·布莱斯特,阿尔·帕西诺 / 克里斯·奥唐纳 / 詹姆斯·瑞布霍恩 / 加布里埃尔·安瓦尔 / 菲利普·塞默·霍夫曼 / 理查德·文彻 / 布莱德利·惠特福德 / 罗谢尔·奥利弗 / Margaret Eginton / Tom Riis Farrell / Nicholas Sadler / 托德·路易斯 / 马特·史密斯 / 吉恩·坎菲尔德 / 弗兰西丝·康罗伊,剧情, 美国, 英语,157 分钟,"当我心中的正直感逐渐淡去之时,我庆幸我看到此片."
可可西里, ,No.199,2004,8.8,陆川,多布杰 / 张垒 / 奇道 / 赵雪莹 / 马占林 / 赵一穗,剧情/犯罪, 中国大陆 / 中国香港, 汉语普通话 / 藏语,85分钟(中国大陆),"“你看过磕长头的人吗？他们的脸和手特别脏，但他们的心特别干净。” 
"
饮食男女,飲食男女,No.62,1994,9.2,李安,郎雄 / 杨贵媚 / 吴倩莲 / 王渝文 / 张艾嘉 / 归亚蕾 / 赵文瑄 / 陈昭荣 / 陈捷文 / 卢金城 / 唐语谦 / 洪其德 / 王瑞 / 杜满生 / 王玨 / 陈妤 / 左正芬 / 许敬民 / 聂卓晶 / 丁仲,剧情/家庭, 中国台湾 / 美国, 汉语普通话 / 闽南语 / 湖南话,124分钟,看到最后，原来是老爸最猛~~
辛德勒的名单,Schindler's List,No.8,1993,9.5,史蒂文·斯皮尔伯格,连姆·尼森 / 本·金斯利 / 拉尔夫·费因斯 / 卡罗琳·古多尔 / 乔纳森·萨加尔 / 艾伯丝·戴维兹 / 马尔戈萨·格贝尔 / 马克·伊瓦涅 / 碧翠斯·马科拉 / 安德烈·瑟韦林 / 弗里德里希·冯·图恩 / 克齐斯茨托夫·拉夫特 / 诺伯特·魏塞尔 / 维斯瓦夫·科马萨,剧情/历史/战争, 美国, 英语 / 希伯来语 / 德语 / 波兰语,195分钟,出门的时候，看到灯火辉煌的城市，会觉得一切幸福美好都是罪恶。。。
海豚湾,The Cove,No.76,2009,9.3,路易·西霍尤斯,Richard O'Barry / 路易·西霍尤斯 / Hardy Jones / Michael Illiff / Joji Morishita / Ian Campbell / Paul Watson / Doug DeMaster / Dave Rastovich / Charles Hambleton / Hayato Sakurai / Mandy-Rae Cruikshank / Kirk Krack / 伊莎贝尔·卢卡斯 / 海顿·潘妮蒂尔,纪录片, 美国, 英语 / 日语,92分钟,我想知道的是 大地村那里的海豚屠宰场现在怎样？关闭了没有？当地的渔民是否还以屠宰海豚谋生？
借东西的小人阿莉埃蒂,借りぐらしのアリエッティ,No.125,2010,8.9,米林宏昌,志田未来 / 神木隆之介 / 树木希林 / 三浦友和 / 大竹忍 / 竹下景子 / 藤原龙也,动画/奇幻/冒险, 日本, 日语,94分钟,“你永远在我心中，我永远都不会忘记你。”这是一部难得一见的富含诗意和伤感的动画片。细节和人设很棒，赏心悦目；配乐尤其出色，但叙事太过苍白匆忙。最后的轻轻告别，两人往后都会有自己人生，走自己的路，但曾经那段美好依旧会沉淀为一辈子的记忆。★★★★
春光乍泄,春光乍洩,No.86,1997,9.0,王家卫,张国荣 / 梁朝伟 / 张震 / 格利高里·戴顿,剧情/爱情/同性, 中国香港 / 日本 / 韩国, 粤语 / 汉语普通话 / 西班牙语,96分钟,光棍节给自己准备的电影《春光乍泄》，根本就是找虐。。。。黎耀辉简直是八心八箭4个9的纯GAY，极品中的极品，GAY中的爱马仕，GAY中的劳力士，GAY中的劳斯莱斯，上下5000年不可多得的尤物！！！我想变男人要这样的男朋友啊啊啊啊
阿甘正传,Forrest Gump,No.3,1994,9.5,罗伯特·泽米吉斯,汤姆·汉克斯 / 罗宾·怀特 / 加里·西尼斯 / 麦凯尔泰·威廉逊 / 莎莉·菲尔德 / 海利·乔·奥斯蒙 / 迈克尔·康纳·亨弗里斯 / 哈罗德·G·赫瑟姆 / 山姆·安德森 / 伊俄涅·M·特雷奇 / 彼得·道博森 / 希博汗·法隆 / 伊丽莎白·汉克斯 / 汉娜·豪尔 / 克里斯托弗·琼斯 / 罗布·兰德里 / 杰森·麦克奎尔 / 桑尼·施罗耶 / 艾德·戴维斯 / 丹尼尔C.斯瑞派克 / 大卫·布里斯宾 / 德博拉·麦克蒂尔 / 艾尔·哈林顿 / 阿非莫·奥米拉 / 约翰·沃德斯塔德 / 迈克尔·伯吉斯 / 埃里克·安德伍德 / 拜伦·明斯 / 斯蒂芬·布吉格沃特 / 约翰·威廉·高尔特 / 希拉里·沙普兰 / 伊莎贝尔·罗斯 / 理查德·达历山德罗 / 迪克·史迪威 / 迈克尔-杰斯 / 杰弗里·布莱克 / 瓦妮莎·罗斯 / 迪克·卡维特 / 马拉·苏查雷特扎 / 乔·阿拉斯奇 / W·本森·泰瑞,剧情/爱情, 美国, 英语,142分钟,羡慕珍妮，不管她多么叛逆、落魄、堕落，永远有阿甘在等她回来
肖申克的救赎,The Shawshank Redemption,No.1,1994,9.7,弗兰克·德拉邦特,蒂姆·罗宾斯 / 摩根·弗里曼 / 鲍勃·冈顿 / 威廉姆·赛德勒 / 克兰西·布朗 / 吉尔·贝罗斯 / 马克·罗斯顿 / 詹姆斯·惠特摩 / 杰弗里·德曼 / 拉里·布兰登伯格 / 尼尔·吉恩托利 / 布赖恩·利比 / 大卫·普罗瓦尔 / 约瑟夫·劳格诺 / 祖德·塞克利拉 / 保罗·麦克兰尼 / 芮妮·布莱恩 / 阿方索·弗里曼 / V·J·福斯特 / 弗兰克·梅德拉诺 / 马克·迈尔斯 / 尼尔·萨默斯 / 耐德·巴拉米 / 布赖恩·戴拉特 / 唐·麦克马纳斯,剧情/犯罪, 美国, 英语,142分钟,关于希望最强有力的注释。
无人知晓,誰も知らない,No.119,2004,9.1,是枝裕和,柳乐优弥 / 北浦爱 / 木村飞影 / 清水萌萌子 / 韩英惠 / 江原由希子 / 串田和美 / 冈元夕纪子 / 楯隆子 / 加濑亮 / 村野友希 / 田中庆太 / 木村佑一 / 远藤宪一 / 寺岛进 / 平泉成,剧情, 日本, 日语,141分钟,家中早已经没有了妈妈，生活早已经很拮据，水电早已经停了，今天吃过的泡面汤要留作明天拌饭，喜爱画画就画在水电停用通知单上，从公园偷水饮用，把摔死的妹妹埋掉......这一切，都没有人知道
三傻大闹宝莱坞,3 Idiots,No.14,2009,9.2,拉吉库马尔·希拉尼,阿米尔·汗 / 卡琳娜·卡普尔 / 马达范 / 沙尔曼·乔希 / 奥米·瓦依达 / 博曼·伊拉尼 / 莫娜·辛格 / 拉杰夫·拉宾德拉纳特安,剧情/喜剧/爱情/歌舞, 印度, 印地语 / 乌尔都语 / 英语,171分钟(印度),太给力了，有史以来最励志的电影。
射雕英雄传之东成西就,射鵰英雄傳之東成西就,No.136,1993,8.7,刘镇伟,梁朝伟 / 林青霞 / 张国荣 / 叶玉卿 / 张学友 / 王祖贤 / 张曼玉 / 梁家辉 / 刘嘉玲 / 钟镇涛 / 鲍起静,喜剧/奇幻/武侠/古装, 中国香港, 粤语,113分钟(香港),张学友让梁朝伟杀他那段，笑翻了
源代码,Source Code,No.213,2011,8.5,邓肯·琼斯,杰克·吉伦哈尔 / 维拉·法米加 / 米歇尔·莫纳汉 / 杰弗里·怀特 / 拉塞尔·皮特斯 / 詹姆斯·A·伍兹 / 迈克尔·阿登 / 乔·柯布登  / 卡斯·安瓦尔,科幻/悬疑/惊悚, 美国 / 加拿大, 英语,93分钟,这部电影告诉我们，最重要的不是想出一套没有硬伤的“科幻”元素，而是讲一个好故事。
恐怖游轮,Triangle,No.194,2009,8.5,克里斯托弗·史密斯,梅利莎·乔治 / 利亚姆·海姆斯沃斯 / 迈克尔·多曼 / 瑞秋·卡帕尼 / 艾玛·朗 / 亨利·尼克松 / 约书亚·麦基弗,剧情/悬疑/惊悚, 英国 / 澳大利亚, 英语,99 分钟,一点细节都不浪费多余的精巧结构型电影～把循环轮回的结构发挥到一个及至～女主的美腿穿梭在N次的命运交汇过程中～层层推进又把细节先后安排滴水不露～导演功力真的很厉害～为结构型命运电影又增加了一个辉煌～
鬼子来了, ,No.42,2000,9.3,姜文,姜文 / 香川照之 / 袁丁 / 姜宏波 / 丛志军 / 李丛喜 / 泽田谦也 / 李海滨 / 蔡卫东 / 陈述 / 陈莲梅 / 史建全 / 陈强 / 宫路佳具 / 吴大维 / 梶冈润一 / 石山雄大 / 述平 / 姜武,剧情/喜剧, 中国大陆, 汉语普通话 / 日语 / 唐山话,139分钟,中国农民是善良的，是好人。同时却也是愚笨的，是软弱的。软弱往往导致善良变质成为受欺。
血钻,Blood Diamond,No.223,2006,8.7,爱德华·兹威克,莱昂纳多·迪卡普里奥 / 杰曼·翰苏 / 詹妮弗·康纳利 / 阿诺德·沃斯洛 / 大卫·哈雷伍德 / 吉米·米斯特雷 / 麦克·辛 / 史蒂芬·柯林斯,剧情/惊悚/冒险, 美国 / 德国 / 英国, 英语 / 门德语 / 南非语,143 分钟,钻石，华丽的毒品。 迪卡普里奥，自从无间行者开始已让越来越多的人重新认识他，并知道泰坦尼克之后他一直在努力。 ★★★★
上帝之城,Cidade de Deus,No.161,2002,9.0,费尔南多·梅里尔斯 / 卡迪亚·兰德,亚历桑德雷·罗德里格斯 / 莱安德鲁·菲尔米诺 / 菲利佩·哈根森 / 道格拉斯·席尔瓦 / 乔纳森·哈根森 / 马修斯·纳克加勒 / 索·豪黑 / 艾莉丝·布拉加,剧情/犯罪, 巴西 / 法国, 葡萄牙语,130分钟,li'l的发小同伙眼镜benny太可爱了...五官一点都不像典型黑人，笑起来还有甜甜的酒窝..迄今我看过的最好的拉丁电影
色，戒, ,No.190,2007,8.6,李安,梁朝伟 / 汤唯 / 陈冲 / 王力宏 / 庹宗华 / 朱芷莹 / 高英轩 / 柯宇纶 / 阮德锵 / 钱嘉乐 / 苏岩 / 何赛飞 / 宋茹惠 / 樊光耀 / 卢燕 / 刘洁 / 余娅 / 王琳 / 王侃 / 竹下明子 / 阿努潘·凯尔,剧情/爱情/情色, 中国台湾 / 中国大陆 / 美国 / 中国香港, 汉语普通话 / 上海话 / 英语 / 粤语 / 日语 / 印地语,158分钟,从头笑到尾 抱歉。。。王力宏的出演简直是本片最大的灾难。。。
小森林,冬春篇 リトル・フォレスト 冬・春,No.121,2015,9.0,森淳一,桥本爱 / 三浦贵大 / 松冈茉优 / 温水洋一 / 桐岛加恋,剧情, 日本, 日语,120分钟,“她这么辛苦种田就是为了每天这么吃啊？”“对啊，人生不就是这样吗！”
萤火之森,蛍火の杜へ,No.127,2011,8.9,大森贵弘,佐仓绫音 / 内山昂辉 / 辻亲八 / 山本兼平 / 后藤弘树 / 今井麻美,剧情/爱情/动画/奇幻, 日本, 日语,45分钟,郁闷死了 守着一颗白白嫩嫩的大白菜多少年细心栽培没舍得吃，最后这颗大白菜被猪给拱了的感觉 (☍﹏⁰)
控方证人,Witness for the Prosecution,No.23,1957,9.6,比利·怀尔德,泰隆·鲍华 / 玛琳·黛德丽 / 查尔斯·劳顿 / 爱尔莎·兰切斯特 / 约翰·威廉姆斯 / 亨利·丹尼尔 / 伊安·沃尔夫 / 托林·撒切尔 / 诺玛·威登 / 尤娜·奥康纳 / 茹塔·李,剧情/悬疑/犯罪, 美国, 英语 / 德语,116分钟,男人贪心，女人贪爱
唐伯虎点秋香,唐伯虎點秋香,No.106,1993,8.7,李力持,周星驰 / 巩俐 / 陈百祥 / 郑佩佩 / 朱咪咪 / 梁家仁 / 苑琼丹 / 梁荣忠 / 黄一山 / 黄霑 / 吴镇宇 / 刘家辉 / 蓝洁瑛 / 谷德昭 / 陈辉虹 / 李健仁 / 宣萱 / 温翠苹,喜剧/爱情/古装, 中国香港, 粤语,102 分钟,可以忽略秋香……
九品芝麻官, ,No.177,1994,8.6,王晶,周星驰 / 吴孟达 / 张敏 / 徐锦江 / 钟丽缇 / 蔡少芬 / 吴启华 / 邹兆龙 / 梁荣忠 / 黄一飞 / 苑琼丹 / 刘洵 / 黄一山,剧情/喜剧/古装, 中国香港 / 中国大陆, 粤语,108分钟,正宗的周氏无厘头电影~~
釜山行,부산행,No.141,2016,8.6,延尚昊,孔刘 / 郑有美 / 马东锡 / 金秀安 / 金义城 / 崔宇植 / 安昭熙 / 崔奎华 / 郑锡勇 / 艺秀晶 / 朴明申 / 张赫镇 / 禹都临 / 沈恩京,动作/惊悚/灾难, 韩国, 韩语,118分钟,丧尸再也不是西方的专利了！韩国影人再一次向世人证明了他们非凡的叙事能力和精巧的借鉴本事。没有好莱坞式拯救人类的大英雄主义，多了的是人性的反思与情感的刻画。无论怎么看，这部电影都是亚洲影界的头一遭，五星鼓励！
未麻的部屋,Perfect Blue,No.146,1997,9.0,今敏,岩男润子 / 松本梨香 / 辻亲八 / 大仓正章 / 秋元羊介 / 盐屋翼 / 堀秀行 / 筱原惠美 / 江原正士 / 梁田清之 / 古泽彻 / 新山志保 / 古川惠实子 / 原亚弥 / 三木真一郎 / 山野井仁 / 田野惠 / 长嶝高士 / 陶山章央 / 细井治 / 远近孝一 / 本井英美 / 保志总一朗 / 谷山纪章 / 北野诚 / 南香织 / 商店一野,动画/惊悚/奇幻, 日本, 日语,81 分钟,“好片子，但不想再看第二遍”
爱在黎明破晓前,Before Sunrise,No.112,1995,8.8,理查德·林克莱特,伊桑·霍克 / 朱莉·德尔佩 / 安德莉亚·埃克特 / 汉诺·波西尔 / 卡尔·布拉克施魏格尔 / 特克斯·鲁比诺威茨 / 埃尔尼·曼戈尔德 / 多米尼克·卡斯特尔 / 海蒙·玛丽亚·巴汀格 / 哈拉尔德·魏格莱因 / 汉斯·魏因加特纳 / 彼得·艾利·休默 / 休伯特·法比安·库尔特勒 / 约翰·斯洛斯 / 克里斯蒂安·安科维奇 / 亚当·戈德堡 / 保罗·波伊特,剧情/爱情, 美国 / 奥地利 / 瑞士, 英语 / 德语 / 法语,101分钟,两个人在试听间里听爱情歌曲的那一段，局促的空间里，想看对方，又有些矜持，目光刚一接触就赶紧离开，那么一段长长的时间，很好。餐厅里互打电话。对话总是很聪明。“很多人结婚的理由比这还少。”
重庆森林,重慶森林,No.109,1994,8.8,王家卫,林青霞 / 金城武 / 梁朝伟 / 王菲 / 周嘉玲,剧情/爱情, 中国香港, 粤语 / 汉语普通话 / 英语 / 印地语 / 日语,102分钟,"那时她还被叫做王靖雯,小鹿様闪烁的眼神,细痩无邪的身体,疯狂的暗恋也不过是纯真执着的本能"
海洋,Océans,No.233,2009,9.1,雅克·贝汉 / 雅克·克鲁奥德,皮尔斯·布鲁斯南 / 小佩德罗·阿门达里斯 / 雅克·贝汉 / 宫泽理惠 / 马蒂亚斯·勃兰特 / 阿尔多 / 兰斯洛特·佩林 / Manolo Garcia,纪录片, 法国 / 瑞士 / 西班牙 / 美国 / 阿联酋 / 摩纳哥, 法语,104分钟(法国),看完之后深深希望2012快点来，大家抱团死，剩下的生物就可以好好活了。
倩女幽魂, ,No.122,1987,8.8,程小东,张国荣 / 王祖贤 / 午马 / 刘兆铭 / 林威 / 薛芷伦 / 胡大为 / 王晶,爱情/奇幻/武侠/古装, 中国香港, 粤语,98分钟(香港),王祖贤太太美了，哥哥风华绝代。
蝴蝶效应,The Butterfly Effect,No.82,2004,8.8,埃里克·布雷斯 / J·麦基·格鲁伯,阿什顿·库彻 / 梅洛拉·沃尔特斯 / 艾米·斯马特 / 埃尔登·汉森 / 威廉姆·李·斯科特 / 约翰·帕特里克·阿梅多利 / 艾琳·戈洛瓦娅 / 凯文·G·施密特 / 杰西·詹姆斯 / 罗根·勒曼 / 莎拉·威多斯 / 杰克·凯斯 / 卡梅隆·布莱特 / 埃里克·斯托尔兹 / 考乐姆·吉斯·雷尼 / 凯文·杜兰,剧情/科幻/悬疑/惊悚, 美国 / 加拿大, 英语,113分钟,或许，我也应该用脐带勒死自己
疯狂原始人,The Croods,No.162,2013,8.7,柯克·德·米科 / 克里斯·桑德斯,尼古拉斯·凯奇 / 艾玛·斯通 / 瑞安·雷诺兹 / 凯瑟琳·基纳 / 克萝丽丝·利奇曼 / 克拉克·杜克 / 克里斯·桑德斯 / 兰迪·汤姆,喜剧/动画/冒险, 美国, 英语,98分钟,《超人总动员》一家人的团结与各显神通、《冰河世纪》的原野放逐与聒噪搞笑、《勇敢传说》的脉脉亲情、《阿凡达》的奇观异景、《驯龙高手》的各色萌兽……前后呼应、没有一个多余的情节，过山车式爽快节奏，一路笑着哭。2014第86届奥斯卡最佳动画长片预定提名
十二怒汉,12 Angry Men,No.39,1957,9.4,西德尼·吕美特,亨利·方达 / 马丁·鲍尔萨姆 / 约翰·菲德勒 / 李·科布 / E.G.马绍尔 / 杰克·克卢格曼 / 爱德华·宾斯 / 杰克·瓦尔登 / 约瑟夫·史威尼 / 埃德·贝格利 / 乔治·沃斯科维奇 / 罗伯特·韦伯,剧情, 美国, 英语,96 分钟,"情节展开的不错，但是戴维斯主张的部分都只是模棱两可的推测，实际上挨个求证这些东西之后，孩子有可能是凶手，也有可能不是。只是控方的初期工作没有做好，辩方的交叉质询没有做好，案子应该重新调查，而不是简单的判决无罪。

看到有人截屏引用这个十一年前短评做庸俗群众代表我很荣幸。

现在我要补充的话，会说，权利机关的失职是一回事，合理质疑没有毛病，但结局判决无罪是有毛病的。因为不管群众是盲从机构推测，还是盲...情节展开的不错，但是戴维斯主张的部分都只是模棱两可的推测，实际上挨个求证这些东西之后，孩子有可能是凶手，也有可能不是。只是控方的初期工作没有做好，辩方的交叉质询没有做好，案子应该重新调查，而不是简单的判决无罪。

看到有人截屏引用这个十一年前短评做庸俗群众代表我很荣幸。

现在我要补充的话，会说，权利机关的失职是一回事，合理质疑没有毛病，但结局判决无罪是有毛病的。因为不管群众是盲从机构推测，还是盲从男主推测，都只是被碾压。文艺青年批评我追求真相庸俗，那么只要和机构观点相反就行，接受无罪结局才是公平和正义吗。()"
甜蜜蜜, ,No.126,1996,8.9,陈可辛,黎明 / 张曼玉 / 杨恭如 / 曾志伟 / 杜可风 / 张同祖 / 诸慧荷 / 丁羽,剧情/爱情, 中国香港, 粤语 / 汉语普通话 / 英语,118分钟(中国大陆),到最后我们会幸福吗？最让人感动的是突然出现在曾志伟身上的米奇纹身。我们永远不知道另外一个人在以怎样一种方式爱自己。
罗生门,羅生門,No.207,1950,8.8,黑泽明,三船敏郎 / 京町子 / 森雅之 / 志村乔 / 千秋实 / 上田吉二郎 / 本间文子 / 加东大介,剧情/悬疑/犯罪, 日本, 日语,88分钟,照二十一世纪的眼光来看，这部片子挺大惊小怪 
泰坦尼克号,Titanic,No.4,1997,9.4,詹姆斯·卡梅隆,莱昂纳多·迪卡普里奥 / 凯特·温丝莱特 / 比利·赞恩 / 凯西·贝茨 / 弗兰西丝·费舍 / 格劳瑞亚·斯图尔特 / 比尔·帕克斯顿 / 伯纳德·希尔 / 大卫·沃纳 / 维克多·加博 / 乔纳森·海德 / 苏茜·爱米斯 / 刘易斯·阿伯内西 / 尼古拉斯·卡斯柯恩 / 阿那托利·萨加洛维奇 / 丹尼·努齐 / 杰森·贝瑞 / 伊万·斯图尔特 / 艾恩·格拉法德 / 乔纳森·菲利普斯 / 马克·林赛·查普曼 / 理查德·格拉翰 / 保罗·布赖特威尔 / 艾瑞克·布里登 / 夏洛特·查顿 / 博纳德·福克斯 / 迈克尔·英塞恩 / 法妮·布雷特 / 马丁·贾维斯 / 罗莎琳·艾尔斯 / 罗切尔·罗斯 / 乔纳森·伊万斯-琼斯 / 西蒙·克雷恩 / 爱德华德·弗莱彻 / 斯科特·安德森 / 马丁·伊斯特 / 克雷格·凯利 / 格雷戈里·库克 / 利亚姆·图伊 / 詹姆斯·兰开斯特 / 艾尔莎·瑞雯 / 卢·帕尔特 / 泰瑞·佛瑞斯塔 / 凯文·德·拉·诺伊,剧情/爱情/灾难, 美国 / 墨西哥 / 澳大利亚 / 加拿大, 英语 / 意大利语 / 德语 / 俄语,194分钟,"生死两茫茫
不思量
自难忘"
寻梦环游记,Coco,No.29,2017,9.1,李·昂克里奇 / 阿德里安·莫利纳,安东尼·冈萨雷斯 / 盖尔·加西亚·贝纳尔 / 本杰明·布拉特 / 阿兰娜·乌巴赫 / 芮妮·维克托 / 杰米·卡米尔 / 阿方索·阿雷奥 / 赫伯特·西古恩萨 / 加布里埃尔·伊格莱西亚斯 / 隆巴多·博伊尔 / 安娜·奥菲丽亚·莫吉亚 / 娜塔丽·科尔多瓦 / 赛琳娜·露娜 / 爱德华·詹姆斯·奥莫斯 / 索菲亚·伊斯皮诺萨 / 卡拉·梅迪纳 / 黛娅娜·欧特里 / 路易斯·瓦尔德斯 / 布兰卡·阿拉切利 / 萨尔瓦多·雷耶斯 / 切奇·马林 / 奥克塔维·索利斯 / 约翰·拉岑贝格,喜剧/动画/音乐/奇幻, 美国, 英语 / 西班牙语,105分钟,我们是人类的一分子，而人类是充满激情的。医学、法律、商业、科技，这些都是崇高的追求，足以支撑人的一生。但音乐、诗歌、梦想、情感，这些才是我们活着的意义。
请以你的名字呼唤我,Call Me by Your Name,No.97,2017,8.9,卢卡·瓜达尼诺,艾米·汉莫 / 蒂莫西·柴勒梅德 / 迈克尔·斯图巴 / 阿蜜拉·卡萨 / 艾斯特·加瑞尔 / 维克图瓦尔·杜布瓦 / 旺妲·卡布里奥罗 / 安东尼奥·里莫尔迪 / 埃琳娜·布奇 / 马可·斯格罗索 / 安德列‧艾席蒙 / 彼得·斯皮尔斯,剧情/爱情/同性, 意大利 / 法国 / 巴西 / 美国 / 荷兰 / 德国, 英语 / 意大利语 / 法语 / 德语 / 希伯来语,132分钟,“我无法忍受沉默，而与你交谈恰是良药”两个人最好的状态是，你会啃我下手过的桃而我心里只有你将离别的悲伤，原来很早之前就在球场上暗示过喜欢你。“每开始一段新的感情，我们能给予的便越少，但为了让自己没有感觉而不去感觉，多么浪费…别让这些痛苦消失，也别丧失你感受到的快乐”2017最佳！
玛丽和马克思,Mary and Max,No.130,2009,8.9,亚当·艾略特,托妮·科莱特 / 菲利普·塞默·霍夫曼 / 巴瑞·哈姆弗莱斯 / 艾瑞克·巴纳 / 贝塔尼·维特莫尔 / 蕾妮·盖耶 / 伊恩·莫利·梅尔德伦 / 朱莉·福塞斯 / 约翰·弗劳思 / 克里斯托弗·马西 / 卡罗琳·莎士比亚-艾伦 / 琳恩·史密斯 / 迈克尔·延纳,剧情/喜剧/动画, 澳大利亚 / 美国, 英语 / 意第绪语,92分钟,我们为什么需要3D？
蝙蝠侠：黑暗骑士,The Dark Knight,No.28,2008,9.2,克里斯托弗·诺兰,克里斯蒂安·贝尔 / 希斯·莱杰 / 艾伦·艾克哈特 / 迈克尔·凯恩 / 玛吉·吉伦哈尔 / 加里·奥德曼 / 摩根·弗里曼 / 莫尼克·加布里埃拉·库尔内 / 罗恩·迪恩 / 基里安·墨菲 / 黄经汉 / 内斯特·卡博内尔 / 埃里克·罗伯茨 / 里特奇·科斯特 / 安东尼·迈克尔·豪尔 / 基斯·斯扎拉巴基克 / 柯林·麦克法兰 / 约书亚·哈尔托 / 美琳达·麦格劳 / 内森·甘宝 / 迈克尔·维约 / 迈克尔·斯托扬诺夫 / 威廉·斯米利 / 丹尼·高德林 / 迈克尔·加·怀特 / 马修·奥尼尔 / 威廉·菲克纳 / 欧鲁米基·欧拉乌米 / 格雷格·比姆 / 爱利克·赫尔曼 / 毕崔斯·罗森 / 文森佐·尼克力 / 陈冠希,剧情/动作/科幻/惊悚/犯罪, 美国 / 英国, 英语 / 汉语普通话,152分钟,Christopher Nolan太厉害了，好莱坞漫画类型片居然能拍到这样的高度...
头号玩家,Ready Player One,No.148,2018,8.7,史蒂文·斯皮尔伯格,泰伊·谢里丹 / 奥利维亚·库克 / 本·门德尔森 / 马克·里朗斯 / 丽娜·维特 / 森崎温 / 赵家正 / 西蒙·佩吉 / T·J·米勒 / 汉娜·乔恩-卡门 / 拉尔夫·伊内森 / 苏珊·林奇 / 克莱尔·希金斯 / 劳伦斯·斯佩尔曼 / 佩蒂塔·维克斯 / 艾萨克·安德鲁斯,动作/科幻/冒险, 美国, 英语 / 日语 / 汉语普通话,140分钟,好想在有生之年玩一场全民大战马化腾
阳光姐妹淘,써니,No.135,2011,8.8,姜炯哲,沈恩京 / 闵孝琳 / 姜素拉 / 南宝拉 / 陈熙琼 / 金时厚 / 柳好贞 / 朴真珠 / 李妍京 / 金甫美 / 千禹熙 / 李璟荣,剧情/喜剧, 韩国, 韩语,124分钟,同是姐妹片，比《伴娘团》牛逼多了。大有中学不良少女团体史诗片气概
爱在日落黄昏时,Before Sunset,No.123,2004,8.9,理查德·林克莱特,伊桑·霍克 / 朱莉·德尔佩 / 弗农·多布切夫 / 路易丝·勒莫瓦纳·托雷斯 / 罗多尔·保利 / 玛丽安·普莱施泰格 / 迪亚博洛 / 丹尼·弗拉 / 艾伯特·德尔佩 / 玛丽·佩里,剧情/爱情, 美国 / 法国, 英语 / 法语,80 分钟,"“从某种意义上来说，我所有的浪漫
都在一夜之间消耗光了...”"
熔炉,도가니,No.20,2011,9.3,黄东赫,孔刘 / 郑有美 / 金贤秀 / 郑仁絮 / 白承焕 / 张光 / 金民尚 / 林贤成 / 金周灵 / 严孝燮 / 全国焕 / 崔镇浩 / 金志映 / 严智星 / 许在浩 / 张素妍,剧情, 韩国, 韩语,125分钟,他们至少有电影的力量在支撑着弱势群体，而我们呢？因为【熔炉】的上映，一部关于【性暴力犯罪处罚特别法部分修订法律案】目前已通过韩国国会正式颁布，当时的嫌疑人也已被警方逮捕，【熔炉】让我们看到一部现实题材影片所蕴含的巨大能量。有时候一部电影真的可以改变一个世界！
霸王别姬, ,No.2,1993,9.6,陈凯歌,张国荣 / 张丰毅 / 巩俐 / 葛优 / 英达 / 蒋雯丽 / 吴大维 / 吕齐 / 雷汉 / 尹治 / 马明威 / 费振翔 / 智一桐 / 李春 / 赵海龙 / 李丹 / 童弟 / 沈慧芬 / 黄斐 / 徐杰,剧情/爱情/同性, 中国大陆 / 中国香港, 汉语普通话,171分钟,在野路子出身的张国荣面前，学院出身的张丰毅显得那么单薄
教父,The Godfather,No.21,1972,9.3,弗朗西斯·福特·科波拉,马龙·白兰度 / 阿尔·帕西诺 / 詹姆斯·肯恩 / 理查德·卡斯特尔诺 / 罗伯特·杜瓦尔 / 斯特林·海登 / 约翰·马利 / 理查德·康特 / 艾尔·勒提埃里 / 黛安·基顿 / 阿贝·维高达 / 塔莉娅·夏尔 / 吉亚尼·罗素 / 约翰·凯泽尔 / 鲁迪·邦德 / 兰尼·蒙大拿,剧情/犯罪, 美国, 英语 / 意大利语 / 拉丁语,175 分钟,to所有男生：别想太多。你们都不是马龙白兰度，不是阿尔帕西诺。
狮子王,The Lion King,No.58,1994,9.1,罗杰·阿勒斯 / 罗伯·明可夫,乔纳森·泰勒·托马斯 / 马修·布罗德里克 / 杰瑞米·艾恩斯 / 詹姆斯·厄尔·琼斯 / 莫伊拉·凯利 / 内森·连恩 / 尼基塔·卡兰姆 / 埃林·萨贝拉 / 乌比·戈德堡 / 罗温·艾金森,动画/歌舞/冒险, 美国, 英语 / 斯瓦希里语 / 科萨语 / 祖鲁语,89 分钟,经典之所以称之为经典正是因为他无法复制，狮子王就是这样的经典，每一个细节都那么出色，每个音乐都那么动听，恰到好处的搞笑和贯彻始终的感动。这样的片子不管放到什么时候都不会落伍，因为他本身就是传奇
崖上的波妞,崖の上のポニョ,No.232,2008,8.6,宫崎骏,奈良柚莉爱 / 土井洋辉 / 山口智子 / 长岛一茂 / 天海祐希 / 所乔治 / 柊瑠美 / 矢野显子 / 吉行和子 / 奈良冈朋子 / 左时枝 / 羽鸟慎一 / 平冈映美 / 大桥望美,动画/奇幻/冒险, 日本, 日语,101分钟,我不认为这是给小孩看的，最起码不是给现实的小孩看的
记忆碎片,Memento,No.173,2000,8.7,克里斯托弗·诺兰,盖·皮尔斯 / 凯瑞-安·莫斯 / 乔·潘托里亚诺 / 小马克·布恩 / 拉什·费加 / 乔雅·福克斯 / 斯蒂芬·托布罗斯基 / 哈里特·桑塞姆·哈里斯 / 托马斯·列农 / 考乐姆·吉斯·雷尼 / 金伯利·坎贝尔 / 玛丽安妮·穆勒雷尔 / 拉里·霍尔登,剧情/悬疑/惊悚/犯罪, 美国, 英语,113分钟,导演用一种前无古人的倒序方式营造出“支离破碎”氛围，让观众深刻体验到Lenny破碎的生活及内在，我们如Lenny般扮成侦探，在电影里寻找着所谓的真实。而那织在复杂结构中的情感更让人没有办法不被感动。“如果自欺才能使我快乐，我选择如此的活着。”我们要生存下去必须给自己一个理由，否则就会精神分裂。但那些我们坚持的东西可能只是自己假象中的虚幻。一觉醒来时看着天花板问问自己：我是谁，我为什么在这里。然后你...导演用一种前无古人的倒序方式营造出“支离破碎”氛围，让观众深刻体验到Lenny破碎的生活及内在，我们如Lenny般扮成侦探，在电影里寻找着所谓的真实。而那织在复杂结构中的情感更让人没有办法不被感动。“如果自欺才能使我快乐，我选择如此的活着。”我们要生存下去必须给自己一个理由，否则就会精神分裂。但那些我们坚持的东西可能只是自己假象中的虚幻。一觉醒来时看着天花板问问自己：我是谁，我为什么在这里。然后你开始回忆，当那些记忆的碎片一点一点拼凑起来，一个完整的可能也并不客观的现实呈现在眼前，你，是否惶恐？()
步履不停,歩いても 歩いても,No.222,2008,8.8,是枝裕和,阿部宽 / 夏川结衣 / 江原由希子 / 高桥和也 / 田中祥平 / 野本萤 / 林凌雅 / 寺岛进 / 加藤治子 / 树木希林 / 原田芳雄,剧情/家庭, 日本, 日语,115分钟,日本的家庭电影已经是世界巅峰了，步履不停是巅峰中的佳作。
机器人总动员,WALL·E,No.15,2008,9.3,安德鲁·斯坦顿,本·贝尔特 / 艾丽莎·奈特 / 杰夫·格尔林 / 佛莱德·威拉特 / 西格妮·韦弗 / MacInTalk / 约翰·拉岑贝格 / 凯茜·纳基麦 / 泰迪·牛顿 / 鲍伯·伯根 / 洛丽·理查德森 / 吉姆·瓦德 / 彼特·道格特 / 安德鲁·斯坦顿 / 杰夫·皮金 / 约翰·齐甘 / 米凯·麦高万 / 雪莉·琳恩 / 克莱特·惠特克 / 唐纳德·富利洛夫 / 罗里·艾伦 / 杰斯·哈梅尔 / 拉瑞恩·纽曼 / 扬·拉布森 / 保罗·伊丁,科幻/动画/冒险, 美国, 英语,98分钟,乡下文艺小伙儿追求都市女精英的故事……以及……
小鞋子,بچه های آسمان,No.74,1997,9.2,马基德·马基迪,默罕默德·阿米尔·纳吉 / 法拉赫阿米尔·哈什米安 / 巴哈丽·西迪奇 / 纳菲丝·贾法-穆罕默迪 / 费雷什特·萨拉班迪 / Dariush Mokhtari / 克里斯托弗·马利基,剧情/家庭/儿童, 伊朗, 波斯语,89分钟,没有一点刻意、展览、景观，老老实实地拍，可就是能抓人，令人反思——电影真的需要那些东西么？最后那个金鱼池的场景甚至带点禅意，又那么平凡朴实，让整个片子顿时通透明澈，怎么会这么好！
冰川时代,Ice Age,No.186,2002,8.6,卡洛斯·沙尔丹哈 / 克里斯·韦奇,雷·罗马诺 / 约翰·雷吉扎莫 / 丹尼斯·利瑞 / 杰克·布莱克,喜剧/动画/冒险, 美国, 英语 / 克罗地亚语,81 分钟,不同类，要成为集体，是多么艰难，又是多么简单 类与类融合很难，个体与个体相爱很简单 爱都是个人的事，与种族无关
神偷奶爸,Despicable Me,No.137,2010,8.6,皮埃尔·柯芬 / 克里斯·雷纳德,史蒂夫·卡瑞尔 / 杰森·席格尔 / 拉塞尔·布兰德 / 朱莉·安德鲁斯 / 威尔·阿奈特 / 克里斯汀·韦格 / 米兰达·卡斯格拉夫 / 达纳·盖尔 / 艾尔西·费舍尔 / 皮埃尔·柯芬 / 克里斯·雷纳德 / 杰梅奈·克莱门特 / 杰克·麦克布瑞尔 / 丹尼·麦克布莱德 / 敏迪·卡灵 / 罗布·许贝尔 / 肯·道里欧 / 郑肯,喜剧/动画/冒险, 美国 / 法国, 英语,95分钟,比玩具总动员3还要好看，同意的点有用
初恋这件小事,สิ่งเล็กเล็กที่เรียกว่า...รัก,No.203,2010,8.4,普特鹏·普罗萨卡·那·萨克那卡林 / 华森·波克彭,平采娜·乐维瑟派布恩 / 马里奥·毛瑞尔 / 苏达拉·布查蓬 / 雅尼卡·桑普蕾舞 / 诺特·阿查拉那·阿瑞亚卫考 / 皮拉瓦特·赫拉巴特 / 普特鹏·普罗萨卡·那·萨克那卡林 / 华森·波克彭,剧情/喜剧/爱情, 泰国, 泰语 / 印度尼西亚语 / 英语,118分钟(泰国),一场强大的暗恋背后其实还有另外一场相反的暗恋
喜宴,囍宴,No.152,1993,8.9,李安,赵文瑄 / 郎雄 / 归亚蕾 / 金素梅 / 米切尔·利希藤斯坦,剧情/喜剧/爱情/同性/家庭, 中国台湾 / 美国, 汉语普通话 / 英语,108分钟,台湾跟大陆假结婚，其实在跟美国搞同性恋
第六感,The Sixth Sense,No.107,1999,8.9,M·奈特·沙马兰,布鲁斯·威利斯 / 海利·乔·奥斯蒙 / 托妮·科莱特 / 奥莉维亚·威廉姆斯 / 唐尼·沃尔伯格 / 特拉沃·摩根 / 彼得·安东尼·唐伯蒂斯 / 格伦·菲茨杰拉德 / 米莎·巴顿 / Lisa Summerour / 法尔德斯·巴姆 / 杰弗里·泽布尼斯,剧情/悬疑/惊悚, 美国, 英语 / 拉丁语 / 西班牙语,107分钟,小孩和妈咪的那一段结局 真感人
彗星来的那一夜,Coherence,No.224,2013,8.5,詹姆斯·沃德·布柯特,艾米丽·芭尔多尼 / 莫瑞·史特林 / 尼古拉斯·布兰登 / 劳伦·斯卡法莉娅 / 伊丽莎白·格瑞斯 / 雨果·阿姆斯特朗 / 亚历克斯·马努吉安 / 劳伦·马赫,科幻/悬疑/惊悚, 美国 / 英国, 英语,89分钟,传说中的年度烧脑神作，其实还蛮贱嗖嗖的。情节跟得上，只一点疑问：类似故事（时空罪恶》《恐怖游轮》），大家不约而同选择了揭示人性黑暗面这个主题——为保全自我你必须杀死另一个（或一大堆）自己。我去，为毛啊？大家就不能组个团一起去海底捞涮小肥羊吗？
卢旺达饭店,Hotel Rwanda,No.159,2004,8.9,特瑞·乔治,唐·钱德尔 / 苏菲·奥康内多 / 华金·菲尼克斯 / 尼克·诺特 / 哈基姆·凯-卡西姆 / 托尼·戈罗奇 / 法纳·莫科纳 / 大卫·奥哈拉 / 莫苏西·麦格诺 / 西莫·莫加瓦扎 / 卡拉·西摩 / 罗伯托·西特兰 / 德斯蒙德·杜布 / 蕾乐蒂·库马洛,剧情/传记/历史/战争, 英国 / 南非 / 意大利 / 美国, 英语 / 法语,121分钟,当电影成为我们铭记历史的唯一方式　是幸或不幸
沉默的羔羊,The Silence of the Lambs,No.78,1991,8.9,乔纳森·戴米,朱迪·福斯特 / 安东尼·霍普金斯 / 斯科特·格伦 / 安东尼·希尔德 / 布鲁克·史密斯 / 卡斯·莱蒙斯 / 弗兰基·费森 / 泰德·拉文 / 崔西·沃特 / 丹·巴特勒 / 达拉,剧情/惊悚/犯罪, 美国, 英语,118分钟,T-BAG出现之前，安东尼大叔一直是我的绝对偶像。
两杆大烟枪,"Lock, Stock and Two Smoking Barrels",No.67,1998,9.1,盖·里奇,杰森·弗莱明 / 德克斯特·弗莱彻 / 尼克·莫兰 / 杰森·斯坦森 / 斯蒂文·麦金托什 / 斯汀 / 维尼·琼斯,剧情/喜剧/犯罪, 英国, 英语,107分钟,嘛叫编剧功夫？界就叫编剧的功夫！
房间,Room,No.212,2015,8.8,伦尼·阿伯拉罕森,布丽·拉尔森 / 雅各布·特伦布莱 / 肖恩·布里吉格斯 / 温迪·古逊 / 阿曼达·布鲁盖尔 / 乔·平格 / 琼·艾伦 / 卡斯·安瓦尔 / 威廉姆·H·梅西 / 兰道尔·爱德华 / 罗德里戈-费尔南德斯-斯托尔 / 罗里·奥谢 / 汤姆·麦卡穆斯 / 杰克·富尔顿 / 梅根·帕克,剧情/家庭, 爱尔兰 / 加拿大 / 英国 / 美国, 英语,118分钟,Babadook 2.0.娘送我一颗烂掉的牙，我还娘一头秀发，这母子情的信物把那些男女，男男，女女，各种爱情全比得没影了。最爱的角色其实是奶奶的丈夫，是要多温柔善良的人才能耐心去慢慢抚平脆弱的小心灵。
低俗小说,Pulp Fiction,No.85,1994,8.9,昆汀·塔伦蒂诺,约翰·特拉沃尔塔 / 乌玛·瑟曼 / 阿曼达·普拉莫 / 蒂姆·罗斯 / 塞缪尔·杰克逊 / 菲尔·拉马 / 布鲁斯·威利斯 / 弗兰克·威利 / 布尔·斯蒂尔斯 / 文·瑞姆斯 / 劳拉·拉芙蕾丝 / 保罗·考尔德伦 / 布罗娜·加拉赫 / 罗姗娜·阿奎特 / 埃里克·斯托尔兹 / 玛丽亚·德·梅黛洛,剧情/喜剧/犯罪, 美国, 英语 / 西班牙语 / 法语,154分钟,"非线性的叙事电影的代表作。结构巧妙而富有深意，精彩的对白。片中每个人的身上都有着美好的品质，却都无可救药的走向了黑暗与迷茫。各个段落不分首尾，互补结构，开头和结尾相连，暗示现实中类似影片中的情节总在发生，永不停歇。
台词：为什么我们一定要不停地说废话来维持气氛？只有当你找到一个真正特别的人时，才能闭嘴享受片刻的沉默。"
何以为家,كفرناحوم,No.37,2018,9.1,娜丁·拉巴基,赞恩·阿尔·拉菲亚 / 约丹诺斯·希费罗 / 博鲁瓦蒂夫·特雷杰·班科尔 / 卡萨尔·艾尔·哈达德 / 法迪·尤瑟夫 / 海塔·塞德拉·伊扎姆 / 阿拉·乔什涅 / 娜丁·拉巴基 / 埃利亚斯·库利 / 努尔·艾尔·侯赛尼,剧情, 黎巴嫩 / 美国 / 法国 / 塞浦路斯 / 卡塔尔 / 英国, 阿拉伯语 / 阿姆哈拉语,126分钟,见过游乐园女神被扒光，洗过沾了鲜血的衣服，听过蜘蛛侠变成蟑螂侠的传闻。才知道美丽会变丑陋，纯净会变脏臭，英雄泯然众人，自己却无能为力。把童贞交给世界，用匕首刺穿丑陋，靠起诉状告父母，挤笑脸嘲弄命运。赞恩把婴儿交给男人，才明白自己谁都保护不了。他就站在破败的街角，仿佛人生走到尽头。
末代皇帝,The Last Emperor,No.27,1987,9.3,贝纳尔多·贝托鲁奇,尊龙 / 陈冲 / 邬君梅 / 彼得·奥图尔 / 英若诚 / 吴涛 / 黄自强 / 丹尼斯·邓 / 坂本龙一 / 马吉·汉 / 里克·扬 / 田川洋行 / 苟杰德 / 理查德·吴 / 皱缇格 / 陈凯歌 / 卢燕 / 区亨利 / 陈述 / 鲍皓昕 / 黄文捷 / 邵茹贞 / 亨利·基 / 张良斌 / 梁冬 / 康斯坦丁·格雷戈里 / 黄汉琪 / 王涛 / 宋怀桂 / 蔡鸿翔 / 程淑艳 / 张天民,剧情/传记/历史, 英国 / 意大利 / 中国大陆 / 法国, 英语 / 汉语普通话 / 日语,163分钟,他痛哭流涕追阿毛、失魂落魄追婉容，但始终追不回那昔日辉煌的时代。他反抗太监偷窃文物、反抗日本傀儡操控，但终究反抗不了自己跌宕唏嘘的命运。他做了一辈子囚徒，在紫禁城在满洲国在抚顺管教所。终于买了张观光票，在赤色余晖中蹒跚进入太和殿。须臾一世，只有那皇座下藏着的蟋蟀，还认得他是帝王。
喜剧之王,喜劇之王,No.89,1999,8.8,周星驰 / 李力持,周星驰 / 张柏芝 / 莫文蔚 / 吴孟达 / 林子善 / 田启文 / 李兆基 / 成龙 / 李思捷 / 郑文辉,剧情/喜剧/爱情, 中国香港, 粤语,89分钟,我最讨厌别人不擦润唇膏了！每次看到嘴上干裂起皮都忍不住想要亲上去！所以你要多擦一点润唇膏啊！你到底要不要我给你擦润唇膏！——好喜欢这一段，那时的张柏芝漂亮的无法用笔墨形容，脚趾甲上涂着五彩的颜色，小巧的下巴和明亮的眼，根本就是个小妖孽。【MD电影短评怎么字数限制这么短！】
大佛普拉斯, ,No.204,2017,8.7,黄信尧,庄益增 / 陈竹昇 / 戴立忍 / 张少怀 / 陈以文 / 纳豆 / 丁国琳 / 李永丰 / 朱约信 / 雷婕熙 / 林美秀 / 小亮哥 / 游安顺 / 梁赫群 / 脱线 / 郑宇彤 / 鲁文学,剧情/喜剧, 中国台湾, 闽南语 / 汉语普通话,102分钟,“我们已经可以依靠科技进入外太空，却依然无法走进一个人内心的宇宙。” 忍俊不禁的小幽默，互相打趣的小人物，上演着一出出悲伤的人间喜剧。富人的世界永远是彩色的…
恋恋笔记本,The Notebook,No.195,2004,8.6,尼克·卡萨维蒂,瑞恩·高斯林 / 瑞秋·麦克亚当斯 / 吉娜·罗兰兹 / 詹姆斯·加纳 / 斯塔尔勒塔·杜波利斯 / 凯文·康诺利 / 希瑟·沃奎斯特 / 杰弗里·奈特 / 琼·艾伦 / 詹姆斯·麦斯登,剧情/爱情, 美国, 英语,123分钟,1.先入为主是王道。2.等人不要等過7年。
猫鼠游戏,Catch Me If You Can,No.45,2002,9.1,史蒂文·斯皮尔伯格,莱昂纳多·迪卡普里奥 / 汤姆·汉克斯 / 克里斯托弗·沃肯 / 马丁·辛 / 艾米·亚当斯 / 詹妮弗·加纳 / 伊丽莎白·班克斯 / 纳塔莉·贝伊 / 詹姆斯·布洛林 / 艾伦·旁派 / 南希·利内翰 / 布莱恩·豪威  / 弗兰克·约翰·休斯 / 克里斯·埃里斯,剧情/传记/犯罪, 美国 / 加拿大, 英语 / 法语,141 分钟,能让巨骗进FBI，这份惜才的胸襟才是一个民族强大的原因。
2001太空漫游,2001: A Space Odyssey,No.197,1968,8.9,斯坦利·库布里克,凯尔·杜拉 / 加里·洛克伍德 / 威廉姆·西尔维斯特 / 丹尼尔·里希特 / 雷纳德·洛塞特 / 罗伯特·比提 / 肖恩·沙利文 / 艾德·毕肖普 / 格伦·贝克 / 艾伦·吉福德 / 安·吉利斯,科幻/惊悚/冒险, 英国 / 美国, 英语 / 俄语,149分钟,原作作者克拉克：“如果有人觉得完全弄懂了《太空漫游2001》在讲些什么，那一定是我和库布里克弄错了。”
完美陌生人,Perfetti sconosciuti,No.242,2016,8.5,保罗·杰诺维塞,马可·贾利尼 / 卡夏·斯穆特尼亚克 / 爱德华多·莱奥 / 阿尔芭·罗尔瓦赫尔 / 瓦莱里奥·马斯坦德雷亚 / 安娜·福列塔 / 朱塞佩·巴蒂斯通,剧情/喜剧, 意大利, 意大利语,97分钟,女主人这个婊啊，睡朋友老公还提议玩看手机的游戏，算准了自己最安全因为这个人不可能当面打给她吧……细思恐极
魔女宅急便,魔女の宅急便,No.196,1989,8.7,宫崎骏,高山南 / 佐久间玲 / 户田惠子 / 山口胜平 / 信泽三惠子 / 加藤治子 / 关弘子 / 三浦浩一 / 山寺宏一 / 井上喜久子 / 渊崎由里子 / 土井美加 / 土师孝也 / 浅井淑子 / 齐藤昌 / 西村知道 / 小林优子 / 池水通洋 / 辻亲八 / 大塚明夫 / 坂本千夏 / 田口昂 / 键本景子 / 津贺有子 / 龟井芳子 / 丸山裕子,动画/奇幻/冒险, 日本, 日语,103分钟,结尾仓促，情节简单
贫民窟的百万富翁,Slumdog Millionaire,No.180,2008,8.6,丹尼·博伊尔 / 洛芙琳·坦丹,戴夫·帕特尔 / 沙鲁巴·舒克拉 / 亚尼·卡普 / 拉詹德拉纳斯·祖特施 / 吉尼瓦·塔瓦尔 / 芙蕾达·平托 / 伊尔凡·可汗 / 爱资哈尔丁·穆罕默德·伊斯梅尔 / 阿什·马赫什·舍德卡 / 马赫什·曼杰瑞卡 / 麦活·米泰尔,剧情/爱情, 英国, 英语 / 印地语 / 法语 / 德语,120分钟,近年最弱金像影片。
搏击俱乐部,Fight Club,No.60,1999,9.0,大卫·芬奇,爱德华·诺顿 / 布拉德·皮特 / 海伦娜·伯翰·卡特 / 扎克·格雷尼尔 / 米特·洛夫 / 杰瑞德·莱托 / 艾恩·贝利 / 里奇蒙德·阿奎特 / 乔治·马奎尔,剧情/动作/悬疑/惊悚, 美国 / 德国 / 意大利, 英语,139 分钟,我看这个的时候才知道，电影可以这么牛B，一直到现在，重看最多次的电影。
阿飞正传,阿飛正傳,No.234,1990,8.5,王家卫,张国荣 / 张曼玉 / 刘嘉玲 / 刘德华 / 张学友 / 潘迪华 / 梁朝伟,剧情/爱情/犯罪, 中国香港, 粤语 / 汉语普通话 / 英语 / 菲律宾语 / 上海话,94分钟,"在张国荣面前
所有的大牌都黯然失色"
心灵捕手,Good Will Hunting,No.84,1997,8.9,格斯·范·桑特,马特·达蒙 / 罗宾·威廉姆斯 / 本·阿弗莱克 / 斯特兰·斯卡斯加德 / 明妮·德里弗 / 卡西·阿弗莱克 / 科尔·豪瑟 / 约翰·迈顿 / 丹·华盛顿 / 艾莉森·福兰德 / 维克·萨海 / 史蒂文·科兹洛夫斯基 / 斯科特·威廉姆·文特斯 / 吉米·弗林 / 乔治·普林普顿 / 弗朗切斯科·克莱门特,剧情, 美国, 英语,126 分钟,我每天到你家接你，我们出去喝酒笑闹，那很棒是我一天中最棒的时刻，只有十秒，从停车到你家门口，每次我敲门，都希望你不在了，不说再见，什么都没有，你就走了，我懂得不多，但我很清楚。 
放牛班的春天,Les choristes,No.16,2004,9.3,克里斯托夫·巴拉蒂,热拉尔·朱尼奥 / 让-巴蒂斯特·莫尼耶 / 弗朗索瓦·贝莱昂 / 凯德·麦拉德 / 让-保罗·博奈雷 / 玛丽·布奈尔 / 马科森斯·珀林 / 格雷戈里·加迪诺尔 / 托马斯·布伦门塔尔 / 西里尔·伯尔尼科特 / 西蒙·法戈特 / 泰奥杜尔·卡雷-卡赛尼 / 菲利普·杜·詹纳兰德 / Carole Weiss / 埃里克·德斯玛莱茨 / 狄迪尔·弗拉蒙 / 雅克·贝汉,剧情/喜剧/音乐, 法国 / 瑞士 / 德国, 法语,97分钟,星期六，贝贝抱着小熊跟马修老师回家了！QwQ
忠犬八公的故事,Hachi: A Dog's Tale,No.10,2009,9.4,拉斯·霍尔斯道姆,理查·基尔 / 萨拉·罗默尔 / 琼·艾伦 / 罗比·萨布莱特 / 艾瑞克·阿瓦利 / 田川洋行 / 杰森·亚历山大 / 罗伯特·卡普荣,剧情, 美国 / 英国, 英语 / 日语,93分钟,这真是漫长的一生啊，八公。
荒蛮故事,Relatos salvajes,No.176,2014,8.8,达米安·斯兹弗隆,达里奥·格兰迪内蒂 / 玛丽娅·玛努尔 / 莫妮卡·比利亚 / 丽塔·科尔泰塞 / 胡丽叶塔·泽尔贝伯格 / 凯撒·博尔东 / 莱昂纳多·斯巴拉格利亚 / 沃尔特·多纳多 / 里卡多·达林 / 南希·杜普拉 / 奥斯卡·马丁内兹 / 玛莉亚·奥内托 / 奥斯马·努涅斯 / 赫尔曼·德·席尔瓦 / 艾丽卡·里瓦斯 / 地亚哥·詹蒂莱 / 玛格丽塔·莫菲诺,剧情/喜剧/犯罪, 阿根廷 / 西班牙, 西班牙语,122分钟,“跟你做的比起来，我那做的都不算什么” 魔性十足，荒诞满分。每个人都有过一闪而过的犯罪念头，这部片子把我们没敢做出来的那部分呈现出来，狠狠戳中我们的软肋。这个世界总是如此厌倦又可笑。“没人不希望恶有恶报，但又没人愿意脏了自己的手。”
西西里的美丽传说,Malèna,No.69,2000,8.9,朱塞佩·托纳多雷,莫妮卡·贝鲁奇 / 朱塞佩·苏尔法罗 / Luciano Federico / 玛蒂尔德·皮亚纳 / Pietro Notarianni / Gaetano Aronica / Gilberto Idonea / Angelo Pellegrino / Gabriella Di Luzio / Pippo Provvidenti / 埃丽萨·莫鲁奇 / 奥罗拉·夸特罗基 / 露琪亚·萨多 / 瓦尼·布拉马蒂 / Salvatore Martino / 安东内洛·普利西 / Noam Morgensztern,剧情/情色/战争, 意大利 / 美国, 意大利语 / 英语 / 拉丁语 / 古希腊语,109 分钟,有人深情的当做政治隐喻片来看，有人矫情的当做青春回忆片来看，也有人坦率的当做肉欲情色片来看。
一个叫欧维的男人决定去死,En man som heter Ove,No.143,2015,8.9,汉内斯·赫尔姆,罗夫·拉斯加德 / 巴哈·帕斯 / 托比亚斯·阿姆博瑞 / 菲利普·伯格 / 安娜-莱娜·布伦丁 / 博瑞·伦贝里 / 埃达·英格薇 / 弗雷德里克·埃弗斯 / 玛德琳·雅各布松 / 查特里娜·拉松 / 杰克尔·法尔斯特伦,剧情, 瑞典, 瑞典语 / 波斯语,116分钟,剧情其实特别套路，每一个步骤都似曾相识。欧维就像飞屋环游记中的卡尔，怀念着完美的故人的同时偏执和固执被邻居一点一点的磨平最终变亲近。淡淡的音乐伴随着平凡又不平凡的小人物的一生。最后一幕真的无法不想到泰坦尼克吧。
看不见的客人,Contratiempo,No.70,2016,8.8,奥里奥尔·保罗,马里奥·卡萨斯 / 阿娜·瓦格纳 / 何塞·科罗纳多 / 巴巴拉·莱涅 / 弗兰塞斯克·奥雷利亚 / 帕科·图斯 / 大卫·塞尔瓦斯 / 伊尼戈·加斯特西 / 圣·耶拉莫斯 / 马内尔·杜维索 / 布兰卡·马丁内斯 / 佩雷·布拉索 / 霍尔迪·布鲁内特 / 鲍比·冈萨雷斯 / 玛蒂娜·乌尔塔多,剧情/悬疑/惊悚/犯罪, 西班牙, 西班牙语,106分钟,其实这种多重反转的电影很容易bug频出，但是这部完成度太高了，质感和小细节都相当漂亮。导演对后半程的解密把控地相当出色，直接让观感上升了一个level。西班牙的悬疑片总是给人惊喜。（猜到反转并不是多了不起的事，请不要在悬疑片短评区剧透好吗，靴靴。）
血战钢锯岭,Hacksaw Ridge,No.147,2016,8.7,梅尔·吉布森,安德鲁·加菲尔德 / 萨姆·沃辛顿 / 文斯·沃恩 / 雨果·维文 / 卢克·布雷西 / 泰莉莎·帕尔墨 / 瑞切尔·格里菲斯 / 内森奈尔·布佐里克 / 理查德·劳斯伯格 / 马特·纳夫莱 / 费拉斯·迪拉尼 / 瑞安·柯尔 / 卢克·佩格勒,剧情/传记/历史/战争, 澳大利亚 / 美国, 英语 / 日语,139分钟(中国大陆),特别老派的热血直男片，甚至觉得叙事目的性强烈到有些直白。然而，就是好看。前半部分就是压制观众情绪，后面的战争就是帮主角和观者释放，去证明主角。战争场面太硬了，血腥可怕，看到紧张，如炼狱一般。我认同他的那些信仰？胡开尔啊！真正让人激动的，还是见证普通人创造的奇迹，因为这是真的。
让子弹飞, ,No.51,2010,8.9,姜文,姜文 / 葛优 / 周润发 / 刘嘉玲 / 陈坤 / 张默 / 姜武 / 周韵 / 廖凡 / 姚橹 / 邵兵 / 苗圃 / 冯小刚 / 胡军 / 马珂 / 白冰 / 杜奕衡 / 李静 / 胡明 / 危笑 / 杨奇雨 / 赵铭,剧情/喜剧/动作/西部, 中国大陆 / 中国香港, 汉语普通话 / 四川话 / 山西话,132分钟,说姜文用力过猛的  那只能说明您受功不够 受用不起！
二十二, ,No.206,2015,8.7,郭柯,纪录片,纪录片, 中国大陆, 汉语普通话,99分钟(公映版),没资金，采访人数少，资料缺乏，能拍已经是勇气。这种题材，还想组织得多丰富多显眼？打分低的是多专业呀！！！一堆评分低的说些白痴都知道问题。还有一个说没准备好！准备好，老人都走了吧！无论如何，伤疤都在哪里，不是谁去揭不揭的问题。不然老人跟他们说谢谢，不跟你们这帮脑子进过期豆瓣的人说
钢琴家,The Pianist,No.50,2002,9.2,罗曼·波兰斯基,艾德里安·布洛迪 / 托马斯·克莱舒曼 / 艾米莉娅·福克斯 / 米哈乌·热布罗夫斯基 / 埃德·斯托帕德 / 穆琳·利普曼 / 弗兰克·芬莱 / 茱莉亚·蕾娜 / 杰西卡·凯特·梅耶尔 / 理查德·赖丁斯,剧情/音乐/传记/战争, 英国 / 法国 / 波兰 / 德国, 英语 / 德语 / 俄语,150分钟,从此就喜欢上Adrien那张驴脸了
勇敢的心,Braveheart,No.100,1995,8.9,梅尔·吉布森,梅尔·吉布森 / 苏菲·玛索 / 布莱恩·考克斯 / 詹姆斯·科兹莫 / 辛·劳洛 / 凯瑟琳·麦克马克 / 安古斯·麦克菲登,剧情/动作/传记/历史/战争, 美国, 英语 / 法语 / 拉丁语 / 苏格兰盖尔语,178分钟,所有的人都会死，但并不是每一个人都活的有意义。
小萝莉的猴神大叔,Bajrangi Bhaijaan,No.247,2015,8.4,卡比尔·汗,萨尔曼·汗 / 哈莎莉·马洛特拉 / 卡琳娜·卡普尔 / 纳瓦祖丁·席迪圭 / 欧姆·普瑞 / 梅·维贾 / 席尔帕.舒克拉 / 拉杰什·沙玛 / 沙拉蒂·瑟斯纳 / 阿图·斯里瓦斯塔瓦 / 阿德南·萨米 / 马诺·巴克什,剧情/喜剧/动作, 印度, 印地语 / 乌尔都语,159分钟,不说了，洗脸去了
入殓师,おくりびと,No.105,2008,8.9,泷田洋二郎,本木雅弘 / 广末凉子 / 山崎努 / 吉行和子 / 笹野高史 / 余贵美子,剧情, 日本, 日语,130分钟,The gift of the last memories. “人一辈子买的最后一样东西(棺材)是由他人决定的。” “死可能是一道门，逝去并不是终结，而是超越，走向下一程。” “入殓师就是让已经冰冷的人重新焕发生机，给她永恒的美丽，这要有冷静、准确、而且要怀着温柔的情感。”
火星救援,The Martian,No.244,2015,8.5,雷德利·斯科特,马特·达蒙 / 杰西卡·查斯坦 / 克里斯汀·韦格 / 杰夫·丹尼尔斯 / 迈克尔·佩纳 / 凯特·玛拉 / 肖恩·宾 / 塞巴斯蒂安·斯坦 / 唐纳德·格洛弗 / 切瓦特·埃加福 / 阿卡塞尔·亨涅 / 陈数 / 高雄 / 本尼迪克特·王 / 麦肯兹·戴维斯 / 娜奥米·斯科特 / 丽丽·博尔丹 / 布莱恩·卡斯佩,剧情/科幻/冒险, 英国 / 美国 / 匈牙利 / 约旦, 英语 / 汉语普通话,144分钟,男主太喜剧，影院笑不停；和近几年的几部太空大片一比，简直是反类型片，地球上没女儿没儿子没未婚妻，铺位里没照片没童年回忆，连音乐都得听别人的；从这个意义上来说，这是一个真正的太空鲁宾逊故事，不仅是情节上复制了荒“星”求生，并且重现了鲁宾逊式的精神：无牵无挂的一个人，不管怎样得活下去
海蒂和爷爷,Heidi,No.59,2015,9.3,阿兰·葛斯彭纳,阿努克·斯特芬 / 布鲁诺·冈茨 / 昆林·艾格匹 / 安娜·申茨 / 伊莎贝尔·奥特曼 / 莉莲·奈福 / 彼得·杰克林 / 克里斯托夫·高格勒 / 丽贝卡·因德穆 / 莫妮卡·古布瑟 / 阿瑟·比勒 / 玛丽埃塔·耶米 / 彼得·洛迈尔 / 卡塔琳娜·舒特勒 / 杰拉·哈斯 / 迈克尔·克兰茨 / 劳拉·帕克 / 马库斯·赫林 / 马克西姆·梅米特 / 汉娜洛蕾·赫格,剧情/家庭/冒险, 德国 / 瑞士, 南非语 / 德语 / 瑞士德语,111分钟,难怪看到片名有种莫名的熟悉感，看正片后才知道这与高畑勲导演、宫崎骏担任场面设定的动画片《阿尔卑斯山的少女》改编自同小说《海蒂》，简直惊喜到不行。……故事温情脉脉，风景怡情养目，一段醉我心脾的观影历程。……有时，我以为看过几千部电影，会审美疲劳，可当碰到心仪之作依然能看得身心愉悦。
杀人回忆,살인의 추억,No.91,2003,8.9,奉俊昊,宋康昊 / 金相庆 / 金雷夏 / 宋在浩 / 边希峰 / 高瑞熙 / 柳泰浩 / 朴努植 / 朴海日 / 全美善 / 徐永嬅 / 崔钟律 / 刘承睦 / 申贤宗 / 李在应 / 郑仁仙 / 吴龙 / 朴真宇 / 朴泰京 / 沈成宝,剧情/动作/悬疑/惊悚/犯罪, 韩国, 韩语 / 英语,132分钟,嗨凶手，你也在看这部片吗？送给你的，杀人回忆
功夫, ,No.98,2004,8.7,周星驰,周星驰 / 元秋 / 元华 / 黄圣依 / 梁小龙 / 陈国坤 / 田启文 / 林子聪 / 林雪 / 冯克安 / 释彦能 / 冯小刚 / 袁祥仁 / 张一白 / 赵志凌 / 董志华 / 何文辉 / 陈凯师 / 贾康熙 / 林子善 / 任珈锐 / 王仕颖,喜剧/动作/犯罪/奇幻, 中国大陆 / 中国香港, 粤语 / 汉语普通话 / 手语,100分钟(3D重映),十分纳闷这部电影不上9分
电锯惊魂,Saw,No.155,2004,8.8,温子仁,雷·沃纳尔 / 加利·艾尔维斯 / 丹尼·格洛弗 / 肯·梁 / 迪娜·迈耶 / 迈克·巴特斯 / 保罗·古德勒支 / 迈克尔·爱默生 / 本尼托·马丁内斯 / 肖妮·史密斯 / 麦肯兹·韦加 / 莫妮卡·波特 / 耐德·巴拉米 / 亚丽姗德拉·全 / 托宾·贝尔,悬疑/惊悚/恐怖, 美国, 英语,103分钟,有些疑问。医生为什么不用电锯把手机勾回来。。。而是选择锯腿。。。他老婆一直在打电话，但是为什么后来密室里的电话不再响了？
我是山姆,I Am Sam,No.150,2001,9.0,杰茜·尼尔森,西恩·潘 / 达科塔·范宁 / 米歇尔·菲佛 / 黛安·韦斯特 / 洛雷塔·迪瓦恩 / 理查德·希夫 / 劳拉·邓恩,剧情/家庭, 美国, 英语,132 分钟,真正的戏眼是达科塔·范宁。她才是催泪的原动力
战争之王,Lord of War,No.227,2005,8.7,安德鲁·尼科尔,尼古拉斯·凯奇 / 布丽姬·穆娜 / 杰瑞德·莱托 / 伊安·霍姆 / 伊桑·霍克 / 埃夫吉恩尼·拉扎雷夫 / 伊默恩·沃克 / 塔尼特·菲尼克斯,剧情/犯罪, 法国 / 德国 / 美国, 英语 / 乌克兰语 / 德语 / 西班牙语 / 俄语 / 法语 / 阿拉伯语 / 土耳其语,122 分钟,从影帝蜕变到烂片王也是需要一定的气度，就如同影片最后他被家人抛弃被抓到监狱却十分镇定一样。这片子政治隐喻很多。
英雄本色, ,No.167,1986,8.6,吴宇森,周润发 / 狄龙 / 张国荣 / 朱宝意 / 李子雄 / 田丰 / 吴宇森 / 曾江 / 成奎安 / 徐克 / 陈志辉,剧情/动作/犯罪, 中国香港, 粤语 / 汉语普通话 / 英语,95分钟,能够把握住自己命运的人，就是神
剪刀手爱德华,Edward Scissorhands,No.96,1990,8.7,蒂姆·波顿,约翰尼·德普 / 薇诺娜·瑞德 / 黛安·韦斯特 / 安东尼·迈克尔·豪尔 / 凯西·贝克 / 罗伯特·奥利维里 / 康查塔·费雷尔 / 卡罗琳·阿隆 / 迪克·安东尼·威廉姆斯 / 澳澜·琼斯 / 文森特·普莱斯 / 艾伦·阿金 / 苏珊·布洛马特 / 约翰·戴维森 / 布莱恩·拉肯 / Victoria Price / Stuart Lancaster / Gina Gallagher / 阿隆·鲁斯汀 / 阿兰·弗吉 / 史蒂文·布里尔 / Peter Palmer / 马克·麦考利 / 唐娜·派洛尼 / Ken DeVaul / Kathy Dombo / Tabetha Thomas / 尼克·卡特,剧情/爱情/奇幻, 美国, 英语,105分钟,有时候卑劣的人性才是剪刀。
牯岭街少年杀人事件,牯嶺街少年殺人事件,No.208,1991,8.9,杨德昌,张震 / 杨静怡 / 张国柱 / 王启赞 / 林鸿铭 / 金燕玲 / 王琄 / 张翰 / 姜秀琼 / 赖梵耘 / 柯宇纶 / 谭志刚 / 冯国强 / 陈湘琪 / 金士杰,剧情/犯罪, 中国台湾, 汉语普通话 / 闽南语 / 上海话 / 粤语,237分钟(导演剪辑版),那一霎那我什么也没做，只是捅了你一刀。“原来你跟他们一样，对我好就是想改变我。你好可笑啊，你以为你是谁啊？我和这个世界一样是不可改变的…”
7号房的礼物,7번방의 선물,No.99,2013,8.9,李焕庆,柳承龙 / 朴信惠 / 郑镇荣 / 金正泰 / 吴达洙 / 朴元尚 / 郑满植 / 葛素媛,剧情/喜剧/家庭, 韩国, 韩语,127分钟,"我们目击的事实，往往只是浮出水面的冰凌，冰山下面的巨大事实，更排山倒海穿透视听。
我们直面的人生舞台，也许只是化蝶幻影，层层垂帘般幕后的故事，更震撼世道人心。"
恐怖直播,더 테러 라이브,No.142,2013,8.7,金秉祐,河正宇 / 李璟荣 / 全慧珍 / 李大卫 / 金弘波 / 崔正贤 / 崔代勋 / 姜信哲 / 韩成天 / 孙成灿 / 金素真 / 金大明 / 金海仁,剧情/悬疑/犯罪, 韩国, 韩语,97分钟,小人物，大成功。低成本，高票房。热电影，冷导演。旧模式，新包装。雅追求，俗定位。内棚衬，外景托。熟表演，生情境。远特效，近手持。慢推入，快剪辑。有利益，无朋友。左警察，右悍匪。正势力，恶交锋。假道德，真和谐。恩未报，怨已结。问有主，答无解。单兵战，双人桥。哭邻国，笑天朝。
星际穿越,Interstellar,No.11,2014,9.4,克里斯托弗·诺兰,马修·麦康纳 / 安妮·海瑟薇 / 杰西卡·查斯坦 / 麦肯吉·弗依 / 卡西·阿弗莱克 / 迈克尔·凯恩 / 马特·达蒙 / 蒂莫西·柴勒梅德 / 艾伦·伯斯汀 / 约翰·利思戈 / 韦斯·本特利 / 大卫·吉亚西 / 比尔·欧文 / 托弗·戈瑞斯 / 科莱特·沃夫 / 弗朗西斯·X.麦卡蒂 / 安德鲁·博尔巴 / 乔什·斯图沃特 / 莱雅·卡里恩斯 / 利亚姆·迪金森 / 杰夫·赫普内尔 / 伊莱耶斯·加贝尔 / 布鲁克·史密斯 / 大卫·奥伊罗 / 威廉姆·德瓦内 / 拉什·费加 / 格里芬·弗雷泽 / 弗洛拉·诺兰,剧情/科幻/冒险, 美国 / 英国 / 加拿大, 英语,169分钟,太壮阔了，无以言表！40'渐入佳境，80'叹为观止，120'泪流满面，160'恍如隔世…不曾如此贴近浩瀚星空，被它环抱；不曾如此触摸生命之弦，遁入五维幻境。瑕不掩瑜的科幻神作，刷新视觉的IMAX体验，观影前撒好尿，准备接受近三小时的泪腺洗礼。“爱是一种力量，让我们超越时空感知它的存在”-发自豆瓣App
飞越疯人院,One Flew Over the Cuckoo's Nest,No.71,1975,9.1,米洛斯·福尔曼,杰克·尼科尔森 / 丹尼·德维托 / 克里斯托弗·洛伊德 / 路易丝·弗莱彻 / 威尔·萨姆森 / 特德·马克兰德 / 布拉德·道里夫 / 斯加特曼·克罗索斯 / 迈克尔·贝里曼 / 彼得·布罗科 / 穆瓦科·卡姆布卡 / 威廉·达尔 / 乔西普·艾利克 / 西德尼·拉斯克 / 凯·李 / 德怀特·马费尔德 / 路易莎·莫里茨 / 威廉·雷德菲尔德 / 菲利普·罗斯 / 米米·萨奇席恩 / 文森特·斯卡维利 / 米斯·斯马尔 / 德罗斯·V·史密斯,剧情, 美国, 英语,133分钟,无论是现在还是在将来，疯人院和护士长化妆成各种形状潜伏在我们周围，飞越疯人院就永远有意义
被嫌弃的松子的一生,嫌われ松子の一生,No.92,2006,8.9,中岛哲也,中谷美纪 / 永山瑛太 / 香川照之 / 市川实日子 / 伊势谷友介 / 柄本明 / 黑泽明日香 / 荒川良良 / 柴崎幸 / 土屋安娜 / 奥之矢佳奈 / 谷原章介 / 武田真治 / 片平渚 / 宫藤官九郎 / 角野卓造 / 田中要次 / 木村凯拉 / 谷中敦 / 剧团一人,剧情/歌舞, 日本, 日语,130 分钟,她不明白人生失败的根源就是全身心地投入舍弃自尊来博得并不值得拥有的所谓爱
致命ID,Identity,No.90,2003,8.8,詹姆斯·曼高德,约翰·库萨克 / 雷·利奥塔 / 阿曼达·皮特 / 约翰·浩克斯 / 阿尔弗雷德·莫里纳 / 克里·杜瓦尔 / 约翰·C·麦金雷 / 威廉姆·李·斯科特 / 杰克·布塞 / 普路特·泰勒·文斯 / 瑞贝卡·德·莫妮 / 卡门·阿尔根齐亚诺 / 马绍尔·贝尔 / 莱拉·肯泽尔 / 马特·莱斯切尔 / 布莱特·罗尔 / 霍尔姆斯·奥斯本 / 弗雷德里克·科芬 / 乔·哈特 / 迈克尔·赫希 / 泰伦斯·伯尼·海恩斯,剧情/悬疑/惊悚, 美国, 英语,90分钟,对阿婆的《无人生还》的一个相当有才的致敬。
阳光灿烂的日子, ,No.111,1994,8.8,姜文,夏雨 / 宁静 / 陶虹 / 耿乐 / 斯琴高娃 / 冯小刚 / 刘小宁 / 姜文 / 王学圻 / 王朔 / 尚楠 / 方化 / 代少波 / 王海 / 姚二嘎 / 吴淑昆 / 左小青 / 韩冬 / 孙靖 / 刘斌 / 张维 / 杨彤林 / 王海 / 王福 / 胡贝贝 / 高保成 / 吴淑琨 / 张华 / 二勇 / 烈子 / 陈伟,剧情/爱情, 中国大陆 / 中国香港, 汉语普通话,134分钟(中国大陆),“我的故事总是发生在夏天。炎热的气候使人们裸露得更多，也更能掩饰心中的欲望。那时侯，好像永远是夏天，太阳总是有空出来伴随着我，阳光充足，太亮，使得眼前一阵阵发黑”——电影《阳光灿烂的日子》开场对白
穿越时空的少女,時をかける少女,No.235,2006,8.6,细田守,仲里依纱 / 石田卓也 / 板仓光隆 / 垣内彩未 / 谷村美月 / 关户优希 / 桂歌若 / 安藤绿 / 立木文彦 / 山本圭子 / 反田孝幸 / 谷川清美 / 汤屋敦子 / 松田洋治 / 中村正 / 原沙知绘,剧情/爱情/科幻/动画, 日本, 日语,98分钟,年轻真好，可以为了各种小事情去穿越时空。
遗愿清单,The Bucket List,No.202,2007,8.7,罗伯·莱纳,杰克·尼科尔森 / 摩根·弗里曼 / 西恩·海耶斯 / 贝弗利·陶德 / 罗伯·莫洛 / 阿方索·弗里曼 / 罗文娜·金 / 韦尔达·布里奇斯 / 伊恩·安东尼·代尔 / 詹妮弗·迪弗朗西斯科 / 安吉拉·加德纳 / 诺尔·古格雷米 / 乔纳森·赫尔南德斯 / 休·B·赫鲁伯 / 理查德·麦克格纳格尔 / 丸山凯伦 / 安波米德 / 尼基·诺瓦克 / 克里斯托弗·斯塔普勒顿 / 泰勒.安.汤普森 / 亚历克斯·崔贝克 / Annton Berry Jr. / Destiny Brownridge / Brian Copeland / 乔丹·朗德 / Jonathan Mangum / Serena Reeder / MaShae Alderman / Vin Scully,剧情/喜剧/冒险, 美国, 英语,97 分钟,前提是：你也得有钱才行啊！
小森林,夏秋篇 リトル・フォレスト 夏・秋,No.110,2014,9.0,森淳一,桥本爱 / 三浦贵大 / 松冈茉优 / 温水洋一 / 桐岛加恋,剧情, 日本, 日语,111分钟,那些静得只能听见呼吸的日子里，你明白孤独即生活。
你的名字。,君の名は。,No.164,2016,8.5,新海诚,神木隆之介 / 上白石萌音 / 长泽雅美 / 市原悦子 / 成田凌 / 悠木碧 / 岛崎信长 / 石川界人 / 谷花音 / 寺杣昌纪 / 大原沙耶香 / 井上和彦 / 茶风林 / 加藤有花 / 花泽香菜 / 寺崎裕香,剧情/爱情/动画, 日本, 日语,106分钟,这一次要给新海诚打200分，在我鄙视他不过只是纯情小清新的10年前，没料到有朝一日会在电影院里哭到断气。恍惚看到了穿越时空少女时期的细田守。为所有的少女心和中二病鼓掌，青春不死就能相遇，就能拯救地球。现在我抹着眼泪走出影厅，看到后排的少年摘下眼镜，嚎啕大哭起来。。。
阿凡达,Avatar,No.75,2009,8.8,詹姆斯·卡梅隆,萨姆·沃辛顿 / 佐伊·索尔达娜 / 西格妮·韦弗 / 史蒂芬·朗 / 米歇尔·罗德里格兹 / 吉奥瓦尼·瑞比西 / 乔·大卫·摩尔  / 希·庞德 / 韦斯·斯塔迪 / 拉兹·阿隆索 / 迪利普·劳 / 马特·杰拉德 / 肖恩·安东尼·莫兰,动作/科幻/冒险, 美国, 英语 / 西班牙语,162分钟,"抱歉，2012？在Avatar面前不过是小儿科！
只有一句话：这是史上最强科幻！
可恶的卡梅隆，你要让未来十年的所有科幻片都味同嚼蜡了！
因为所有观众的审美标准已经一口气被你提高了几个档次！
这部电影，不去剧院看绝对一辈子后悔
最后，感谢上帝赐给我们一个James Cameron"
触不可及,Intouchables,No.26,2011,9.3,奥利维埃·纳卡什 / 埃里克·托莱达诺,弗朗索瓦·克鲁塞 / 奥玛·希 / 安娜·勒尼 / 奥德雷·弗勒罗 / 托马·索利韦尔,剧情/喜剧, 法国, 法语,112分钟,我想每个人都至少有这么一个挚友，你和他/她在人生的拐点遇到，惊叹于彼此的不同或者相似，有过不少平淡无奇却值得纪念的时光，ta会将心比心，为你的哀伤扼腕，为你的快慰击节，更会在ta的心里，为你留下那么一块永恒的位置，任白云苍狗，风云变幻。 
城市之光,City Lights,No.198,1931,9.3,查理·卓别林,查理·卓别林 / 弗吉尼亚·切瑞尔 / 佛罗伦斯·李 / 亨利·伯格曼 / 珍·哈露,剧情/喜剧/爱情, 美国, 英语,87 分钟,”假如我们长时间地、专注看一个好笑的故事，它会变得越来越悲哀“——果戈理
美国往事,Once Upon a Time in America,No.80,1984,9.2,赛尔乔·莱昂内,罗伯特·德尼罗 / 詹姆斯·伍兹 / 伊丽莎白·麦戈文 / 乔·佩西 / 波特·杨 / 塔斯黛·韦尔德 / 特里特·威廉斯 / 丹尼·爱罗 / 理查德·布赖特 / 詹姆斯·海登 / 威廉·弗西斯 / 达兰妮·弗鲁格 / 拉里·拉普 / 理查德·弗让吉 / 罗伯特·哈珀 / 詹妮弗·康纳利,剧情/犯罪, 美国 / 意大利, 英语 / 法语 / 意大利语,229分钟(导演剪辑版),两场强暴戏毕竟是吃不消，男性的传奇之路上似乎最少不得的就是美丽而无人格的女性牺牲品
东邪西毒,東邪西毒,No.182,1994,8.6,王家卫,张国荣 / 林青霞 / 梁朝伟 / 张学友 / 张曼玉 / 刘嘉玲 / 梁家辉 / 杨采妮 / 邹兆龙,剧情/动作/爱情/武侠/古装, 中国香港 / 中国台湾, 粤语 / 汉语普通话,100分钟,给我一坛醉生梦死酒。
朗读者,The Reader,No.243,2008,8.6,史蒂芬·戴德利,凯特·温丝莱特 / 大卫·克劳斯 / 拉尔夫·费因斯 / 詹妮特·海因 / 苏珊娜·洛塔尔 / Alissa Wilms / 弗罗里安·巴西奥罗麦 / 弗里德里克·贝希特 / 马蒂亚斯·哈比希 / Frieder Venus / Marie-Anne Fliegel / Hendrik Arnst / Rainer Sellien / 托尔斯滕·米凯利斯 / Moritz Grove,剧情/爱情, 美国 / 德国, 英语 / 德语 / 希腊语 / 拉丁语,124 分钟,要不是那天的呕吐，也就不会有这么一段爱情。
超脱,Detachment,No.101,2011,8.9,托尼·凯耶,艾德里安·布洛迪 / 马西娅·盖伊·哈登 / 詹姆斯·肯恩 / 克里斯蒂娜·亨德里克斯 / 刘玉玲 / 布莱思·丹纳 / 蒂姆·布雷克·尼尔森 / 威廉·彼德森 / 布莱恩·科兰斯顿 / 萨米·盖尔 / 路易斯·佐里奇 / 小伊塞亚·维特洛克 / 大卫·豪森 / 约翰·塞纳迭姆博 / 西莉亚·奥 / 罗南·鲁宾斯坦 / 阿尔·卡尔德隆 / 布雷南·布朗 / 里根·利奥纳德 / 詹姆斯·霍西 / 乔什·帕斯 / 瑞内·菲利斯·史密斯 / 道格·伊·道格 / 帕特里夏·雷 / 萨曼萨·罗根 / 拉尔夫·罗德里格斯,剧情, 美国, 英语,98分钟,这是一部不推荐看的好电影。没病的都要看出病的。好的作品分两种，一是发现世界的极美，二是挖掘人间的极苦。这部就是后者。
加勒比海盗,Pirates of the Caribbean: The Curse of the Black Pearl,No.93,2003,8.8,戈尔·维宾斯基,约翰尼·德普 / 杰弗里·拉什 / 奥兰多·布鲁姆 / 凯拉·奈特莉 / 杰克·达文波特 / 乔纳森·普雷斯,动作/奇幻/冒险, 美国, 英语,143 分钟,讲个小故事吧，有个小女孩给JohnnyDepp写信，希望他带着他的部下去学校铲除校长，于是JohnnyDepp打电话给学校，让学校把学生带到礼堂，这时候JohnnyDepp带着演员么冲上舞台，全场欢呼。嗯，我爱如此感人的故事
花样年华,花樣年華,No.158,2000,8.7,王家卫,梁朝伟 / 张曼玉 / 潘迪华 / 萧炳林 / 张耀扬 / 孙佳君 / 钱似莺 / 顾锦华,剧情/爱情, 中国香港, 粤语 / 上海话 / 法语,98 分钟,张曼玉比梁朝伟高，但他们站在一起那么协调。想来，是穿了高跟鞋的她，懂得委婉地低头的缘故。
断背山,Brokeback Mountain,No.103,2005,8.8,李安,希斯·莱杰 / 杰克·吉伦哈尔 / 米歇尔·威廉姆斯 / 安妮·海瑟薇 / 凯特·玛拉 / 兰迪·奎德 / 琳达·卡德里尼 / 安娜·法瑞丝 / 格拉汉姆·贝克尔 / 斯科特·迈克尔·坎贝尔 / 大卫·哈伯 / 罗伯塔·马克斯韦尔 / 皮特·麦克罗比 / 夏恩·希尔 / 布鲁克琳·普劳克斯 / 杰克·丘奇,剧情/爱情/同性/家庭, 美国 / 加拿大, 英语,134分钟,这就是他们的命吧。李安说：人人的心中都有一座断背山。其实，不如说每个人都有回不去的地方。一个夏天的故事就是一辈子的回忆，因为这种不等式的交换才让他们生命的价值显得悲壮而又无奈。烟花已灭，埃尼斯与杰克都在黑暗之中，一开始看不清别人，也看不清楚自己，可慢慢的都习惯了。潮起潮落，有的人认命了，就飘飘荡荡地活着，有的人不肯认命，就挣扎地想抱一丝希望，无非是想多找到一点可以温暖的回忆。其实，不管怎样都是不容...这就是他们的命吧。李安说：人人的心中都有一座断背山。其实，不如说每个人都有回不去的地方。一个夏天的故事就是一辈子的回忆，因为这种不等式的交换才让他们生命的价值显得悲壮而又无奈。烟花已灭，埃尼斯与杰克都在黑暗之中，一开始看不清别人，也看不清楚自己，可慢慢的都习惯了。潮起潮落，有的人认命了，就飘飘荡荡地活着，有的人不肯认命，就挣扎地想抱一丝希望，无非是想多找到一点可以温暖的回忆。其实，不管怎样都是不容易，费劲是相当费劲的，除此之外也没更多选择。()
寄生虫,기생충,No.149,2019,8.8,奉俊昊,宋康昊 / 李善均 / 赵汝贞 / 崔宇植 / 朴素丹 / 李姃垠 / 张慧珍 / 郑知晓 / 朴明勋 / 朴叙俊 / 朴根禄 / 郑贤俊 / 朴孝新 / 安德烈亚斯·弗龙克,剧情/喜剧, 韩国, 韩语 / 英语,132分钟,沐浴庭院里的阳光就能进化成人，呼吸暗室里的空气只会走肉如鬼。抱上贫穷的石头终生无法脱手，染上廉价的气味永世不能消除。蜷缩地下的臭虫，用药剂开窗替自己杀菌；位居高处的宿主，用金钱雇人给自己消毒。富人吸着穷人的血高升，穷人寄在富人的屋苟活，人鬼同处一室分享食物，虫兽寄生一体发育恩仇。
少年派的奇幻漂流,Life of Pi,No.41,2012,9.1,李安,苏拉·沙玛 / 伊尔凡·可汗 / 拉菲·斯波 / 阿迪勒·侯赛因 / 塔布 / 阿尤什·坦东 / 加塔姆·贝鲁尔 / 阿彦·汗 / 穆德·阿巴斯·卡勒里 / 维比什·希瓦库玛 / 热拉尔·德帕迪约 / 詹姆斯·塞托 / 俊·奈托 / 安德里亚·迪·斯戴法诺 / 沙拉万提·塞纳特 / 王柏杰 / 柯一正 / 黄健玮,剧情/奇幻/冒险, 美国 / 中国台湾 / 英国 / 加拿大, 英语 / 泰米尔语 / 法语 / 日语 / 印地语 / 汉语普通话,127分钟,整座岛上都是丁满！！！
谍影重重,The Bourne Identity,No.236,2002,8.6,道格·里曼,马特·达蒙 / 弗朗卡·波滕特 / 克里斯·库珀 / 克里夫·欧文 / 朱丽娅·斯蒂尔斯 / 布莱恩·考克斯 / 阿德沃尔·阿吉纽依-艾格拜吉 / 加布里埃尔·曼 / 沃尔顿·戈金斯 / 约什·汉密尔顿 / 奥尔索·马利亚·奎利尼,动作/悬疑/惊悚, 美国 / 德国 / 捷克, 英语 / 法语 / 德语 / 荷兰语 / 意大利语,119分钟,喜欢Bourne的冷静。当Matt Damon打开银行的保险柜时，我突然发觉，世界之大，持有三样东西便可畅通无阻：金钱，身份（也可理解为地位），枪（强权）。要求自己象特工一样生活显然是很辛苦且不切实际的，然而，有些时候，特别是面对危机，试着用特工的思维方式去看待问题也许会很有效，特别是对于男生。
玩具总动员3,Toy Story 3,No.140,2010,8.9,李·昂克里奇,汤姆·汉克斯 / 蒂姆·艾伦 / 琼·库萨克 / 尼德·巴蒂 / 唐·里克斯 / 迈克尔·基顿,喜剧/动画/奇幻/冒险, 美国, 英语 / 西班牙语,103分钟,让我笑已经够了，居然还能让我哭，nice job！
新世界,신세계,No.153,2013,8.9,朴勋政,李政宰 / 崔岷植 / 黄政民 / 宋智孝 / 朴圣雄 / 金秉玉 / 金胤成,剧情/犯罪, 韩国, 韩语 / 汉语普通话,134分钟,弄巧成拙姜科长，无心插柳李子成，唯我独尊李仲久，超长待机是丁青，壮哉天朝大黑客，实力助攻小延边，智商不够高局长，我没看够宋智孝
疯狂的石头, ,No.189,2006,8.5,宁浩,郭涛 / 刘桦 / 连晋 / 黄渤 / 徐峥 / 岳小军 / 罗兰 / 王迅,喜剧/犯罪, 中国大陆 / 中国香港, 汉语普通话 / 重庆话,106分钟(香港),中国最nb的片
千钧一发,Gattaca,No.225,1997,8.8,安德鲁·尼科尔,伊桑·霍克 / 乌玛·瑟曼 / 裘德·洛 / 艾伦·阿金 / 戈尔·维达尔 / 山德·贝克利 / 劳恩·迪恩 / 简妮·布鲁克 / 伊莱亚斯·科泰斯 / 玛娅·鲁道夫 / 伍娜·戴蒙 / 布莱尔·安德伍德 / 梅森·甘布 / 威廉姆·李·斯科特 / 欧内斯特·博格宁 / 托尼·夏尔赫布 / 肯·马里诺 / 加布里埃尔·瑞丝 / 迪恩·诺里斯 / 丹格里芬 / 格雷戈·赛斯特罗 / Elizabeth Dennehy / 查德·克里斯特 / George Marshall Ruge,剧情/科幻/惊悚, 美国, 英语 / 世界语,106分钟,人类的历史就是一部歧视史，财富、地位、年龄、性向、肤色...基因决定人生，不过是把这种歧视从人的出生开始以科学的形式固定下来。电影想讲述的是：我也许没有伟大的基因，但我有一颗造梦的心——我就是那个统计学上渺小到不计、但没人可以抹去的1%。
终结者2：审判日,Terminator 2: Judgment Day,No.210,1991,8.8,詹姆斯·卡梅隆,阿诺·施瓦辛格 / 琳达·汉密尔顿 / 爱德华·福隆 / 罗伯特·帕特里克 / 阿尔·伯恩 / 乔·莫顿 / 埃帕莎·默克森 / 卡斯图罗·格雷拉 / 丹尼·库克塞 / 詹妮特·戈德斯坦恩 / 山德·贝克利 / 莱思莉·汉密尔顿·格伦 / 彼得·舒鲁姆 / 唐·雷克 / 吉姆·帕尔默 / 格温达·迪肯 / 科林·帕特里克·林奇 / 妮基·考克斯 / 德沃恩·尼克森 / 阿卜杜勒·萨拉姆·埃尔·拉扎克 / 迈克·马斯喀特 / 迪恩·诺里斯 / 查尔斯·A·坦伯罗 / 丹尼·皮尔斯 / 马克·克里斯托弗·劳伦斯 / 林凡  / 乔尔·克莱默 / 斯科特·肖 / 史文-欧尔·托尔森 / 小威廉·威谢尔 / Ken Gibbel / Robert Winley / Michael Edwards / Don Stanton / Dan Stanton / Lisa Brinegar / Dalton Abbott / Bret A. Arnold / Martin Deluca,动作/科幻, 美国 / 法国, 英语 / 西班牙语,137分钟,比3强太多了
虎口脱险,La grande vadrouille,No.200,1966,8.9,热拉尔·乌里,路易·德·菲奈斯 / 布尔维尔 / 克劳迪奥·布鲁克 / 安德丽·帕里西 / 科莱特·布罗塞 / 迈克·马歇尔 / 玛丽·马凯 / 皮埃尔·贝尔坦 / 本诺·施特岑巴赫 / 玛丽·杜布瓦 / 特里-托马斯 / 西戈德·拉普 / 赖因哈德·科尔德霍夫 / 赫尔穆特·施奈德 / 保罗·普雷博伊斯特 / 汉斯·迈尔 / 居伊·格罗索 / 米歇尔·莫多 / 彼得·雅各布 / 吕迪·勒努瓦 / 诺埃尔·达扎尔 / 皮埃尔·鲁塞尔 / 皮埃尔·巴斯蒂安 / 雅克·萨布隆 / 玛格·阿夫里尔 / 雅克·博杜因 / 加布里埃尔·戈班 / 保罗·梅塞 / 亨利·热内斯,喜剧/战争, 法国 / 英国, 法语 / 英语 / 德语,132分钟,"看过不下20遍,从小到大都喜欢的电影"
无间道2,無間道II,No.211,2003,8.7,刘伟强 / 麦兆辉,陈冠希 / 余文乐 / 曾志伟 / 黄秋生 / 吴镇宇 / 刘嘉玲 / 胡军 / 张耀扬 / 杜汶泽 / 连凯 / 廖启智 / 惠英红,剧情/惊悚/犯罪, 中国香港, 粤语 / 英语 / 汉语普通话 / 泰语,119分钟,吴镇宇绝了
浪潮,Die Welle,No.248,2008,8.7,丹尼斯·甘塞尔,于尔根·福格尔 / 弗雷德里克·劳 / 马克思·雷迈特 / 詹妮弗·乌尔里希 / 克里斯蒂安娜·保罗 / 雅各布·马琛茨 / 克里斯蒂娜·度·瑞格 / 埃利亚斯·穆巴里克 / 马克西米利安·福尔马尔 / 马克斯·毛夫,剧情/惊悚, 德国, 德语,107 分钟,君子朋而不党。保持每一个独立思考和人格。这是我反对任何机构和活动“党同伐异”的基本原因。包括乐迷、包括观众、包括粉丝，狂热的、无理性的、邪恶的、革命的、红卫兵式的、党卫军式的群体爆发。这不是游戏。后果不堪设想。你知道我在说什么。 
一一, ,No.113,2000,9.1,杨德昌,吴念真 / 李凯莉 / 金燕玲 / 张洋洋 / 萧淑慎 / 尾形一成 / 陈希圣 / 林孟瑾 / 陈以文 / 柯宇纶 / 张育邦 / 柯素云 / 唐如韫 / 徐淑媛 / 曾心怡 / 陶传正,剧情/爱情/家庭, 中国台湾 / 日本, 汉语普通话 / 闽南语 / 英语 / 日语,173分钟,婆婆，对不起，不是我不喜欢跟你讲话，只是我觉得我能跟你讲的你一定老早就知道了。不然，你就不会每次都叫我“听话”。就像他们都说你走了，你也没有告诉我你去了哪里，所以，我觉得，那一定是我们都知道的地方。婆婆，我不知道的事情太多了，所以，你知道我以后想做什么吗？我要去告诉别人他们不知道的事情，给别人看他们看不到的东西。我想，这样一定天天都很好玩。说不定，有一天，我会发现你到底去了哪里。到时候，我可不可以...婆婆，对不起，不是我不喜欢跟你讲话，只是我觉得我能跟你讲的你一定老早就知道了。不然，你就不会每次都叫我“听话”。就像他们都说你走了，你也没有告诉我你去了哪里，所以，我觉得，那一定是我们都知道的地方。婆婆，我不知道的事情太多了，所以，你知道我以后想做什么吗？我要去告诉别人他们不知道的事情，给别人看他们看不到的东西。我想，这样一定天天都很好玩。说不定，有一天，我会发现你到底去了哪里。到时候，我可不可以跟大家讲，找大家一起过来看你呢？婆婆，我好想你，尤其是我看到那个还没有名字的小表弟，就会想起，你常跟我说：你老()
海街日记,海街diary,No.174,2015,8.8,是枝裕和,绫濑遥 / 长泽雅美 / 夏帆 / 广濑铃 / 大竹忍 / 堤真一 / 加濑亮 / 风吹淳 / 中川雅也 / 前田旺志郎 / 铃木亮平 / 坂口健太郎 / 树木希林,剧情/家庭, 日本, 日语,127分钟,四姐妹在自己家还得穿胸罩，看来大家的关系也没有很好！
音乐之声,The Sound of Music,No.73,1965,9.1,罗伯特·怀斯,朱莉·安德鲁斯 / 克里斯托弗·普卢默 / 埃琳诺·帕克 / 理查德·海顿 / 佩吉·伍德 / 查尔敏·卡尔 / 希瑟·孟席斯-尤里克 / 尼古拉斯·哈蒙德 / 杜安·蔡斯 / 安吉拉·卡特怀特 / 黛比·特纳 / 基姆·卡拉思 / 安娜·李 / 波希娅·纳尔逊 / 本·怀特 / 丹尼尔·特鲁希特 / 诺玛·威登 / 吉尔克里斯特·斯图尔特 / 马妮·尼克松 / 埃瓦德妮·贝克 / 多丽丝·劳埃德 / 格特鲁德·阿斯特 / 弗兰克·贝克 / 史蒂夫·卡鲁瑟斯 / 山姆·哈里斯 / 多罗西·吉金斯 / 利奥达·理查德斯 / 杰弗里·塞尔 / 伯纳德·赛尔 / 诺尔曼·斯蒂凡斯 / 伯特史蒂文斯 / 玛丽亚·冯·特拉普,剧情/爱情/歌舞/传记, 美国, 英语 / 德语,174分钟,真希望世界像它描述的那么美好
时空恋旅人,About Time,No.131,2013,8.8,理查德·柯蒂斯,多姆纳尔·格里森 / 瑞秋·麦克亚当斯 / 比尔·奈伊 / 莉迪亚·威尔逊 / 琳赛·邓肯 / 理查德·科德里 / 约书亚·麦圭尔 / 汤姆·霍兰德 / 玛格特·罗比 / 维尔·梅里克 / 凡妮莎·柯比 / 汤姆·休斯 / 哈利·海顿-佩顿 / 米切尔·马伦 / 丽莎·艾科恩 / 珍妮·莱恩斯福德 / 菲利普-沃斯 / 凯瑟琳·斯戴曼 / 汤姆·斯托顿 / 安部春香 / 李·阿斯奎斯-柯 / 理查德·班克斯 / 保罗·布莱克维尔 / 贝恩·科拉科 / 格拉姆·柯里 / 罗薇娜·戴蒙德 / 约翰·达根 / 迪诺·法赞尼 / 内芙·加切夫 / 理查德·E·格兰特 / 理查德·格雷弗斯 / 李·尼古拉斯·哈里斯 / 理查德·赫德曼 / 李仙湖 / 马修·C·马蒂诺 / 马汀·麦格 / 艾莉克丝摩尔,喜剧/爱情/奇幻, 英国, 英语,123分钟,对于我们最爱的人，不说永远，只说珍惜。差点在电影院哭断气
指环王3：王者无敌,The Lord of the Rings: The Return of the King,No.32,2003,9.3,彼得·杰克逊,伊利亚·伍德 / 西恩·奥斯汀 / 维果·莫腾森 / 奥兰多·布鲁姆 / 伊恩·麦克莱恩 / 肖恩·宾 / 多米尼克·莫纳汉 / 丽芙·泰勒 / 约翰·贝西 / 凯特·布兰切特 / 比利·博伊德 / 萨德文·布罗菲 / 阿利斯泰尔·布朗宁 / 马尔顿·索克斯 / 伯纳德·希尔 / 伊安·霍姆 / 布鲁斯·霍普金斯 / Ian Hughes / 劳伦斯·马克奥雷 / 诺埃尔·阿普利比 / 布雷特·麦肯齐 / Alexandra Astin / Sarah McLeod / Maisy McLeod-Riera / 约翰·诺贝尔 / Paul Norell / 米兰达·奥图 / 布鲁斯·菲利普斯 / 沙恩·朗吉 / 约翰·瑞斯-戴维斯 / Todd Rippon / 安迪·瑟金斯 / Harry Sinclair / 乔尔·托贝克 / 卡尔·厄本 / 史蒂芬·乌瑞 / 雨果·维文 / 大卫·文翰 / 阿兰·霍华德 / 萨拉·贝克 / Robert Pollock / 佩特·史密斯 / 杰德·布罗菲 / 菲利普·格里夫 / 布拉德·道里夫 / 克里斯托弗·李 / 布鲁斯·斯宾斯 / 吉诺·阿赛维多 / Jarl Benzon / Jørn Benzon / Robert Catto / Michael Elsworth / 彼得·杰克逊 / Sandro Kopp / 安德鲁·莱斯尼 / 约瑟夫·米卡-亨特 / 亨利·莫腾森 / 克雷格·帕克 / 克里斯蒂安·瑞沃斯 / 迈克尔·斯曼内科  / 霍华德·肖 / 约翰·斯蒂芬森 / 理查德·泰勒,剧情/动作/奇幻/冒险, 美国 / 新西兰, 英语 / 昆雅语 / 古英语 / 辛达林语,201分钟,骑白马的不一定是王子，是甘道夫；精灵战斗的时候，导演不会毁了他的美貌，别提莱戈拉斯了；裹着蜘蛛丝的弗罗多就像埃及艳后克娄巴特拉；胖子是重要的，他们可以背你；俩人被困在末日火山上，我说要有鹰，于是有鹰了；我差点以为阿拉贡要迎娶莱戈拉斯；弗罗多和山姆是真爱，绝逼的真爱。我要再看原著。
天使爱美丽,Le fabuleux destin d'Amélie Poulain,No.104,2001,8.7,让-皮埃尔·热内,奥黛丽·塔图 / 马修·卡索维茨 / 吕菲斯 / 洛莱拉·克拉沃塔 / 塞尔·梅林 / 贾梅尔·杜布兹 / 克洛蒂尔德·莫莱特 / 克莱尔·莫里耶 / 伊莎贝尔·南蒂 / 多米尼克·皮侬 / 阿尔蒂斯·德·彭居埃恩 / 友兰达·梦露 / 于尔班·康塞利埃 / 莫里斯·贝尼舒 / 米歇尔·罗班 / 安德烈·达芒 / 克洛德·佩隆 / 阿尔梅尔 / 迪基·奥尔加多 / 凯文·迪亚士 / 弗洛拉·吉耶 / 阿莫里·巴博尔 / 欧仁·贝蒂埃 / 让·达里 / 马克·阿米约,剧情/喜剧/爱情, 法国 / 德国, 法语 / 俄语,122分钟,他買來她要的酵母淘氣的躲在門背後，撩動簾子，一轉身，結果是那只可恶的黑貓，於是，她哭了。
无耻混蛋,Inglourious Basterds,No.221,2009,8.6,昆汀·塔伦蒂诺,布拉德·皮特 / 梅拉尼·罗兰 / 克里斯托弗·瓦尔兹 / 伊莱·罗斯 / 迈克尔·法斯宾德 / 黛安·克鲁格 / 丹尼尔·布鲁赫 / 蒂尔·施威格 / 哥德昂·布克哈德 / 雅基·伊多 / B·J·诺瓦克 / 奥玛·杜姆 / 奥古斯特·迪赫 / 德尼·梅诺谢 / 西尔维斯特·格罗特 / 蕾雅·赛杜,剧情/犯罪, 德国 / 美国, 英语 / 德语 / 法语 / 意大利语,153分钟,希特勒死的时候我傻了
大鱼,Big Fish,No.133,2003,8.8,蒂姆·波顿,伊万·麦克格雷格 / 阿尔伯特·芬尼 / 比利·克鲁德普 / 杰西卡·兰格 / 海伦娜·伯翰·卡特 / 艾莉森·洛曼 / 罗伯特·吉尔劳姆 / 玛丽昂·歌迪亚 / 马修·麦克格罗里 / 大卫·丹曼 / 米西·派勒 / 卢顿·万恩怀特三世 / 艾达·泰 / 艾伦妮·泰 / 史蒂夫·布西密 / 丹尼·德维托 / 迪普·罗伊 / 海利·安妮·内尔森,剧情/家庭/奇幻/冒险, 美国, 英语 / 法语 / 俄语 / 粤语 / 汉语普通话,125 分钟,孪生姐妹不是连体，巨人没有那么高，他妈妈在葬礼上穿的是大红的外套
告白, ,No.134,2010,8.8,中岛哲也,松隆子 / 冈田将生 / 木村佳乃 / 西井幸人 / 桥本爱 / 芦田爱菜 / 三吉彩花 / 藤原薰 / 井之胁海 / 清水尚弥 / 高桥努 / 一井直树 / 能年玲奈 / 新井浩文 / 野本萤,剧情/悬疑, 日本, 日语,106分钟,"没有一人完全善，也没有一人完全恶。同情厌恶惊悚与快感最后一起炸裂，强烈震撼。
导演把黑暗绝望情节拍得如此娱乐好看，令人汗毛倒竖。"
菊次郎的夏天,菊次郎の夏,No.115,1999,8.9,北野武,北野武 / 关口雄介 / 岸本加世子 / 吉行和子 / 细川典江 / 大家由祐子 / 磨赤儿 / 铃木忠幸 / 井手博士 / 今村鼠 / 兼子二郎 / 田中要次 / 小岛可奈子,剧情/喜剧, 日本, 日语,121分钟,看到最后我哭了，巨大的孤独感将我摧毁。
教父3,The Godfather: Part III,No.138,1990,9.0,弗朗西斯·福特·科波拉,阿尔·帕西诺 / 黛安·基顿 / 塔莉娅·夏尔 / 安迪·加西亚 / 埃里·瓦拉赫 / 乔·曼特纳 / 乔治·汉密尔顿 / 布里吉特·芳达 / 索菲亚·科波拉 / 雷夫·瓦朗 / 弗兰克·德安布罗西奥 / 敦尔·当纳利 / 理查德·布赖特 / 赫尔穆特·贝格 / 唐·诺韦洛,剧情/犯罪, 美国, 英语 / 意大利语 / 德语 / 拉丁语,170分钟,维多·柯里昂死于极乐，旁边是一个机灵的毛孩；麦克·柯里昂死于极悲，旁边是一只棕色的小狗。
香水,Perfume: The Story of a Murderer,No.238,2006,8.5,汤姆·提克威,本·卫肖 / 艾伦·瑞克曼 / 蕾切儿·哈伍德 / 达斯汀·霍夫曼 / 大卫·卡尔德 / 比吉特·米尼希迈尔 / 卡洛斯·格拉马赫 / 西恩·托马斯 / 佩里·米尔沃德 / 山姆·道格拉斯 / 卡洛琳·赫弗斯 / 卡罗丽娜·维拉·斯克利亚 / 莎拉·弗里斯蒂 / 科琳娜·哈弗奇 / 杰西卡·施瓦茨 / 约翰·赫特 / 拉蒙·普霍尔,剧情/犯罪/奇幻, 德国 / 法国 / 西班牙 / 美国 / 比利时, 英语,147分钟,有人曾告诉我他不顾一切寻找的其实是爱情的味道，爱情也有香吗？他试图拥有世上最奇异圣洁的香水，当世人在广场狂欢，以达爱与欲的颠峰，他却在最后发现他已失去爱人的能力。没有爱情，香味消失了。他仿佛从未存在过。
黑客帝国,The Matrix,No.55,1999,9.1,莉莉·沃卓斯基 / 拉娜·沃卓斯基,基努·里维斯 / 劳伦斯·菲什伯恩 / 凯瑞-安·莫斯 / 雨果·维文 / 格洛丽亚·福斯特 / 乔·潘托里亚诺 / 马库斯·钟 / 朱利安·阿拉汗加 / 马特·多兰 / 贝琳达·麦克洛里 / 安东尼雷派克 / 罗伯特·泰勒 / 阿达·尼科德莫 / 罗温·维特 / 塔玛拉·布朗 / 纳塔莉·特珍 / 比尔·扬 / 克里斯·斯科特 / 纳许·埃哲顿,动作/科幻, 美国, 英语,136分钟,当时我就黑客帝国了。
心迷宫, ,No.170,2014,8.7,忻钰坤,霍卫民 / 王笑天 / 罗芸 / 杨瑜珍 / 孙黎 / 邵胜杰 / 曹西安 / 贾致钢 / 朱自清 / 王梓尘 / 赵梓彤 / 贾世忠 / 袁满 / 陈梅生 / 张景素 / 平坦 / 金子 / 张建军,剧情/悬疑/犯罪, 中国大陆, 汉语普通话,110分钟(中国大陆),“有些事，非得问出来？不问就是压在他心头，压一辈子；一旦问出来了，这石头就是压在你心头了” 赞叙事结构，过去跟现在将来混合，多人视角交叉重叠连锁反应，最后完美衔接…没有一个多余情节，荒诞讽刺，千奇百巧，抽丝剥茧，百转千回。2015《大象》《全民目击》，超过《烈日》《吾先生》年度最佳。
窃听风暴,Das Leben der Anderen,No.64,2006,9.2,弗洛里安·亨克尔·冯·多纳斯马尔克,乌尔里希·穆埃 / 马蒂娜·格德克 / 塞巴斯蒂安·科赫 / 乌尔里希·图库尔 / 托马斯·蒂梅 / 汉斯-尤韦·鲍尔 / 沃克马·克莱纳特 / 马提亚斯·布伦纳 / 查理·哈纳 / 赫伯特·克瑙普 / 巴斯蒂安·特罗斯特 / 玛丽·格鲁伯 / 维尔纳·德恩 / 马丁·布拉姆马赫 / 托马斯·阿诺德 / 辛纳克·勋纳曼 / 路德韦格·布洛克伯格 / 迈克尔·格伯 / 吉塔·施维赫夫 / 希尔德加德·斯罗德 / 伊嘉·比肯费尔德 / 凯·伊沃·保利兹 / 克劳斯·芒斯特,剧情/悬疑, 德国, 德语,137分钟,我们总是歌颂从未发生过的事。
完美的世界,A Perfect World,No.120,1993,9.1,克林特·伊斯特伍德,凯文·科斯特纳 / 劳拉·邓恩 / 克林特·伊斯特伍德 / T·J·劳瑟 / 基斯·斯扎拉巴基克,剧情/犯罪, 美国, 英语,138分钟,我只杀过两个人，一个伤害了我妈妈，一个伤害了你
七宗罪,Se7en,No.88,1995,8.8,大卫·芬奇,摩根·弗里曼 / 布拉德·皮特 / 凯文·史派西 / 格温妮斯·帕特洛 / 安德鲁·凯文·沃克 / 约翰·卡西尼 / 雷格·E·凯蒂 / 李·厄米,剧情/悬疑/惊悚/犯罪, 美国, 英语,127分钟,决定永远不暴食
超能陆战队,Big Hero 6,No.117,2014,8.7,唐·霍尔 / 克里斯·威廉姆斯,斯科特·安第斯 / 瑞恩·波特 / 丹尼尔·海尼 / T·J·米勒 / 郑智麟 / 小达蒙·韦恩斯 / 珍尼希斯·罗德里格兹 / 詹姆斯·克伦威尔 / 艾伦·图代克 / 玛娅·鲁道夫 / 亚布拉哈姆·本鲁比 / 凯蒂·洛斯 / 比利·布什 / 丹尼尔·吉尔森 / 保罗·布里格斯,喜剧/动作/科幻/动画/冒险, 美国, 英语,102分钟,我知道大白已经萌到你什么都可以不在乎了，它就像一朵美丽的塑料花，一桶异常甜腻的爆米花，萌到犯规的片子，加上工整成熟的剧作，就算是像现在这样，没有什么新鲜的俗套，依旧是用来打发时间的首选，它很像漫威电影的动画版，完全是一个套路，可惜我对这类片子从来都没什么好感。★★★
头脑特工队,Inside Out,No.166,2015,8.8,彼特·道格特 / 罗纳尔多·德尔·卡门,艾米·波勒 / 菲利丝·史密斯 / 理查德·坎德 / 比尔·哈德尔 / 刘易斯·布莱克 / 敏迪·卡灵 / 凯特林·迪亚斯 / 戴安·琳恩 / 凯尔·麦克拉克伦 / 波拉·庞德斯通 / 鲍比·莫尼汉 / 保拉·佩尔 / 大卫·戈尔兹 / 弗兰克·奥兹 / 乔什·库雷 / 弗利 / 约翰·拉岑贝格 / 卡洛斯·阿拉斯拉奇 / 皮特·萨加尔 / 拉什达·琼斯 / 罗里·艾伦 / 约翰·齐甘 / 雪莉·琳恩 / 拉瑞恩·纽曼 / 帕丽斯·冯·戴克,喜剧/动画/冒险, 美国, 英语,95分钟,不止是卖萌的画面和天马行空的想象力，看完电影后会重新审视自己的情绪，记忆，甚至梦境。BingBong消失的时候我哭得和Toy story3结尾时一样……
奇迹男孩,Wonder,No.209,2017,8.6,斯蒂芬·卓博斯基,雅各布·特伦布莱 / 朱莉娅·罗伯茨 / 伊扎贝拉·维多维奇 / 欧文·威尔逊 / 诺亚·尤佩 / 丹妮尔·罗丝·拉塞尔 / 纳吉·杰特 / 戴维德·迪格斯 / 曼迪·帕廷金 / 布莱斯·吉扎尔 / 艾尔·麦金农 / 泰·孔西利奥 / 詹姆斯·休斯 / 凯尔·布瑞特科夫 / 米莉·戴维斯 / 莉娅·朱厄特 / 凯琳·布瑞特科夫 / 利亚姆·迪金森 / 艾玛·特伦布莱 / 马克·多兹劳 / 鲁奇娅·伯纳德 / J·道格拉斯·斯图瓦特 / 阿里·利伯特 / 埃丽卡·麦基特里克 / 本杰明·拉特纳 / 杰森·麦金农 / 索尼娅·布拉加 / 吉洁特,剧情/家庭/儿童, 美国 / 中国香港, 英语,113分钟,有种糖放多了的感觉，精华基本都在预告里了。但对孩子们的纯真友情毫无抵抗力啊，就像被温柔的抚摸了一下软肋。Jacob Tremblay涂着厚厚化妆都能感受到演技，小李子真好意思把奥斯卡摆在家里吗...
燃情岁月,Legends of the Fall,No.228,1994,8.8,爱德华·兹威克,布拉德·皮特 / 安东尼·霍普金斯 / 艾丹·奎因 / 朱莉娅·奥蒙德 / 亨利·托马斯 / 卡琳娜·隆巴德 / 坦图·卡丁诺 / 高登·图托西斯 / 克里斯蒂娜·皮克勒斯 / 约翰·诺瓦克 / 肯尼斯·威尔什 / 尼格尔·本内特 / 基根·麦金托什 / 埃里克·约翰逊 / 兰德尔·斯莱文 / 大卫·卡耶 / 查尔斯·安德烈 / 肯·科齐格 / 温妮·孔 / 巴特熊 / 格雷格·福西特 / 加里·A·赫克 / 马修·罗伯特·凯利,剧情/爱情/战争/西部, 美国, 英语 / 科尼什语,133分钟,我欣赏忠诚于内心，忠诚于野性的灵魂，因为他们坚持自我所付出的代价，我付不起
布达佩斯大饭店,The Grand Budapest Hotel,No.83,2014,8.9,韦斯·安德森,拉尔夫·费因斯 / 托尼·雷沃罗利 / 艾德里安·布洛迪 / 威廉·达福 / 裘德·洛 / 爱德华·诺顿 / 西尔莎·罗南 / 蒂尔达·斯文顿 / 比尔·默瑞 / 蕾雅·赛杜 / 欧文·威尔逊 / 詹森·舒瓦兹曼 / 马修·阿马立克 / F·默里·亚伯拉罕 / 汤姆·威尔金森 / 杰夫·高布伦 / 哈威·凯特尔,剧情/喜剧/冒险, 美国 / 德国 / 英国, 英语 / 法语 / 德语,99分钟,这不仅仅是一部电影，它是游戏，是童话，还是一件艺术品，将作者化的美学风格、形式感和怀旧的主题完美融合！无论从故事、剧作、主题和美学，它的辨识度都只属于自己，对于韦斯·安德森的粉丝，这是杰作！
幽灵公主,もののけ姫,No.108,1997,8.9,宫崎骏,松田洋治 / 石田百合子 / 田中裕子 / 小林薰 / 西村雅彦 / 上条恒彦 / 岛本须美 / 渡边哲 / 佐藤允 / 名古屋章 / 美轮明宏 / 森光子 / 森繁久弥,动画/奇幻/冒险, 日本, 日语,134分钟,宫骑骏就是个生态环保大师啊。
驯龙高手,How to Train Your Dragon,No.128,2010,8.7,迪恩·德布洛斯 / 克里斯·桑德斯,杰伊·巴鲁切尔 / 杰拉德·巴特勒 / 克雷格·费格森 / 亚美莉卡·费雷拉 / 乔纳·希尔 / 克里斯托夫·梅兹-普莱瑟 / T·J·米勒 / 克里斯汀·韦格 / 罗宾·阿特金·唐斯 / 菲利普·麦格雷德 / 基隆·埃利奥特 / 阿什利·詹森 / 大卫·田纳特,动画/奇幻/冒险, 美国, 英语,98分钟,“和谐的生活离不开摸头与被摸头。”《驯龙高手》的优秀足以证明皮克斯动画并不是不可超越。
青蛇, ,No.214,1993,8.6,徐克,张曼玉 / 王祖贤 / 赵文卓 / 吴兴国 / 马精武 / 田丰 / 刘洵,剧情/爱情/奇幻/古装, 中国香港 / 中国大陆, 粤语 / 汉语普通话,99分钟,张国荣当年若愿意出演许仙的话此片会更美，但曼玉和祖贤姐姐已足够妖冶天仙，赵文卓的法海也更是傲世独立，吴兴国的许仙——猥琐男一个。全片的音乐美不胜收，飘飘欲仙，欲仙欲死，配乐和画面都极为出色。
模仿游戏,The Imitation Game,No.157,2014,8.7,莫滕·泰杜姆,本尼迪克特·康伯巴奇 / 凯拉·奈特莉 / 马修·古迪 / 罗里·金尼尔 / 艾伦·里奇 / 马修·比尔德 / 查尔斯·丹斯 / 马克·斯特朗 / 詹姆斯·诺斯科特 / 汤姆·古德曼-希尔 / 史蒂芬·威丁顿 / 伊兰·古德曼 / 杰克·塔尔登 / 埃里克斯·劳瑟 / 杰克·巴农 / 塔彭丝·米德尔顿 / 安德鲁·哈维尔 / 维尔·博登 / 李·阿斯奎斯-柯 / 海莉·乔安妮·培根 / 安库塔·布雷班 / 格雷斯·卡尔德 / 理查德·坎贝尔 / 温斯顿·丘吉尔 / 克里斯·考林 / 汉娜·弗林 / 阿道夫·希特勒 Adolf Hitler / 卢克·霍普 / 斯图尔特·马修斯 / 亚当·诺威尔 / 哈里·S·杜鲁门,剧情/同性/传记/战争, 英国 / 美国, 英语 / 德语,114分钟,他给机器起名“克里斯托弗”，因为这是他初恋的名字；他同意接受化学阉割，因为这样政府才不会把它带走：这大概是今年大银幕上最含蓄和悲伤的一段同性恋情了。全世界的恐同者都该知道，他们用来敲出每个仇恨字眼的电脑在很多年前曾有一个名字——“克里斯托弗”。
风之谷,風の谷のナウシカ,No.163,1984,8.9,宫崎骏,岛本须美 / 松田洋治 / 榊原良子 / 辻村真人 / 京田尚子 / 纳谷悟朗 / 永井一郎 / 宫内幸平 / 八奈见乘儿 / 矢田稔 / 富永美伊奈 / 家弓家正 / 吉田理保子 / 菅谷政子 / 坂本千夏 / 鳕子 / 麦人 / 大塚芳忠,动画/奇幻/冒险, 日本, 日语,117分钟,宫崎骏的起点如此之高。略有烂尾之嫌，世界观、画风、情节都很赞。可以看看其中的运动镜头，尤其是对飞行的表现。这个主题之前手冢治虫讨论过。另外久石让的配乐怎么听得那么耳熟，这一部好像《花火》……
爱乐之城,La La Land,No.239,2016,8.4,达米恩·查泽雷,瑞恩·高斯林 / 艾玛·斯通 / 约翰·传奇 / 罗丝玛丽·德薇特 / 芬·维特洛克 / 杰西卡·罗德 / 水野索诺娅 / 考莉·埃尔南德斯 / J·K·西蒙斯 / 汤姆·艾弗瑞特·斯科特 / 米根·费伊 / 达蒙·冈普顿 / 贾森·福克斯 / 乔什·平茨 / 艾米·科恩 / 特里·沃尔特斯 / 汤姆·谢尔顿 / 信达·亚当斯 / 克劳丁·克劳迪奥 / D·A·瓦拉赫 / 特雷弗·里斯奥尔 / 奥莉维亚·汉密尔顿 / 安娜·查泽雷 / 马里乌斯·代·弗里斯 / 妮科尔·库隆 / 迈尔斯·安德森 / 约翰·辛德曼 / 瓦拉里·雷·米勒 / 基夫·范登·霍伊维尔 / 佐伊·霍尔 / 登普西·帕皮恩 / 辛德拉·车,剧情/爱情/歌舞, 美国, 英语,128分钟,这部电影有多好呢？想象这样一个场景：二十年后的一个傍晚，你开着车(或者车载着你)在回家的路上，突然扬声器里开始放起这首电影里的旋律，听到第一个音符的一瞬间，所有的情绪全都涌上来，就好像二十年前的那个夜晚你第一次听到它们的时候那样。
罗马假日,Roman Holiday,No.49,1953,9.1,威廉·惠勒,奥黛丽·赫本 / 格利高里·派克 / 埃迪·艾伯特 / 哈特利·鲍尔 / 哈考特·威廉姆斯 / 玛格丽特·罗林斯 / 托里奥·卡米纳提 / 保罗·卡利尼 / 克劳迪奥·埃尔梅利 / 保拉·布鲁布尼 / 里佐·弗雷多里佐,剧情/喜剧/爱情, 美国, 英语 / 意大利语 / 德语,118分钟,赫本，无与伦比的美丽。
傲慢与偏见,Pride & Prejudice,No.139,2005,8.7,乔·赖特,凯拉·奈特莉 / 马修·麦克费登 / 唐纳德·萨瑟兰 / 布兰达·布莱斯 / 凯瑞·穆里根 / 裴淳华 / 吉娜·马隆 / 妲露拉·莱莉 / 朱迪·丹奇 / 西蒙·伍兹 / 克劳迪·布莱克利 / 汤姆·霍兰德 / 鲁伯特·弗兰德 / 凯利·蕾莉 / 皮普·托伦斯 / 西妮德·马修斯 / 佩内洛普·威尔顿 / 塔姆金·莫钦特,剧情/爱情, 法国 / 英国 / 美国, 英语,129 分钟,这达西先生是痴呆不是傲慢吧……
哪吒闹海, ,No.144,1979,9.1,王树忱 / 严定宪 / 徐景达,梁正晖 / 邱岳峰 / 毕克 / 富润生 / 尚华 / 于鼎,动画/奇幻/冒险, 中国大陆, 汉语普通话,65分钟,个人认为其中哪吒自杀的情节有很重的虐恋色彩，我小时候第一次看到，内心有一种很奇怪的感觉。
我爱你,그대를 사랑합니다,No.241,2011,9.1,秋昌旼,宋在浩 / 李顺载 / 尹秀晶 / 金秀美 / 宋智孝 / 吴达洙,剧情/爱情, 韩国, 韩语,118分钟,你说，如果到人生的尽头，还没找到牵手的人，那咋办啊？
哈利·波特与死亡圣器(下),Harry Potter and the Deathly Hallows: Part 2,No.79,2011,8.9,大卫·叶茨,丹尼尔·雷德克里夫 / 艾玛·沃森 / 鲁伯特·格林特 / 海伦娜·伯翰·卡特 / 拉尔夫·费因斯 / 艾伦·瑞克曼 / 玛吉·史密斯 / 汤姆·费尔顿 / 邦妮·怀特 / 朱丽·沃特斯 / 迈克尔·刚本 / 伊文娜·林奇 / 多姆纳尔·格里森 / 克蕾曼丝·波西 / 詹森·艾萨克 / 海伦·麦克洛瑞 / 马修·刘易斯 / 梁佩诗 / 约翰·赫特 / 大卫·休里斯 / 加里·奥德曼 / 吉姆·布劳德本特 / 艾玛·汤普森 / 娜塔丽·特纳 / 蒂莫西·斯波 / 大卫·布拉德利 / 罗彼·考特拉尼 / 凯莉·麦克唐纳 / 塞伦·希德,奇幻/冒险, 美国 / 英国, 英语,130分钟,经历了Pt. 1的铺垫全片只有高潮. 零点首映结束后全场鼓掌很久. 于是余生就再也不会有新的Harry Potter电影了.
背靠背，脸对脸, ,No.229,1994,9.5,黄建新 / 杨亚洲,牛振华 / 雷恪生 / 李强 / 句号 / 王劲松 / 戈治均 / 佘南南 / 张嘉益 / 刘国祥 / 徐学政 / 林海海 / 温谦 / 马载军 / 吴玮玲 / 张艺 / 韩炳杰 / 杨亚洲,剧情, 中国大陆 / 中国香港, 汉语普通话,148分钟,2019-8-4重看；20年前的事业单位百态至今未改丝毫啊！各种勾心斗角、玲珑剔透的人情世故，各种绵延不绝官场丑态尽在小小文化馆中释放。鞠躬尽瘁用尽心思费尽心机，不过为一个正科级头破血流，抵不过背景雄厚的空降兵或上层路线（唯有触碰到道德问题等原则问题才有被扳倒可能），阶层固化使得底层向上流动几乎成为不可能---这点可能是本片最振聋发聩之处；醍醐灌顶之后的老庄哲学留下开放结尾，厚黑学永无尽头。配角们...2019-8-4重看；20年前的事业单位百态至今未改丝毫啊！各种勾心斗角、玲珑剔透的人情世故，各种绵延不绝官场丑态尽在小小文化馆中释放。鞠躬尽瘁用尽心思费尽心机，不过为一个正科级头破血流，抵不过背景雄厚的空降兵或上层路线（唯有触碰到道德问题等原则问题才有被扳倒可能），阶层固化使得底层向上流动几乎成为不可能---这点可能是本片最振聋发聩之处；醍醐灌顶之后的老庄哲学留下开放结尾，厚黑学永无尽头。配角们大有深意，人人都有一把小算盘，唯有浸淫于官场语境方能参破其中奥妙。剧本大赞，演员极好（牛振华演技绝了），剪辑棒，好看极了！()
禁闭岛,Shutter Island,No.81,2010,8.8,马丁·斯科塞斯,莱昂纳多·迪卡普里奥 / 马克·鲁弗洛 / 本·金斯利 / 马克斯·冯·叙多夫 / 米歇尔·威廉姆斯 / 艾米莉·莫迪默 / 派翠西娅·克拉克森 / 杰基·厄尔·哈利 / 泰德·拉文 / 约翰·卡洛·林奇 / 伊莱亚斯·科泰斯 / 罗宾·巴特利特 / 克里斯托弗·邓汉 / 约瑟夫·斯科拉,剧情/悬疑/惊悚, 美国, 英语 / 德语,138 分钟,好吧，其实这是部*绝*对*不*能*剧*透*的电影。恩！
爱在午夜降临前,Before Midnight,No.184,2013,8.8,理查德·林克莱特,伊桑·霍克 / 朱莉·德尔佩 / 肖姆斯·戴维-菲茨帕特里克 / 詹妮弗·普里尔 / 夏洛特·普里尔 / 仙尼娅·卡洛格罗普卢 / 沃尔特·拉萨利 / 亚里安妮·拉贝德 / 雅尼斯·帕帕多普洛斯 / 阿赛娜·拉海尔·灿加里 / 帕诺斯·科罗尼斯 / 约塔·阿吉罗普卢 / 约翰·斯洛斯,剧情/爱情, 美国 / 希腊, 英语 / 希腊语 / 法语,109分钟,结婚快10年互相之间还有这么多话可讲，还有性生活，这他妈不是真爱是什么？
新龙门客栈,新龍門客棧,No.216,1992,8.6,李惠民,张曼玉 / 林青霞 / 梁家辉 / 甄子丹 / 熊欣欣 / 刘洵 / 任世官 / 吴启华 / 袁祥仁 / 徐锦江 / 郑希怡 / 王彤川 / 王伟顺 / 蔡浩,动作/爱情/武侠/古装, 中国香港 / 中国大陆, 汉语普通话 / 粤语,88分钟,张曼玉真是风骚啊
指环王1：护戒使者,The Lord of the Rings: The Fellowship of the Ring,No.52,2001,9.1,彼得·杰克逊,伊利亚·伍德 / 西恩·奥斯汀 / 伊恩·麦克莱恩 / 维果·莫腾森 / 奥兰多·布鲁姆 / 多米尼克·莫纳汉 / 比利·博伊德 / 克里斯托弗·李 / 马尔顿·索克斯 / 梅根·爱德华兹 / 伊安·霍姆 / 凯特·布兰切特 / 阿兰·霍华德 / 马克·弗格森 / 肖恩·宾 / 萨拉·贝克 / 劳伦斯·马克奥雷 / 安迪·瑟金斯 / 彼得·麦肯齐 / 伊恩·穆内 / 克雷格·帕克 / 卡梅隆·罗德 / 约翰·瑞斯-戴维斯 / 丽芙·泰勒 / 大卫·韦瑟莱 / 雨果·维文 / 菲利普·格里夫 / 威廉·约翰逊 / 伊丽莎白·穆迪 / 布莱恩·瑟金特 / 杰德·布罗菲 / 诺曼·凯茨 / 兰德尔·威廉·库克 / 萨比恩·克洛森 / 西奥沙福瓦 / 本·弗兰舍姆 / 彼得·杰克逊 / 艾伦·李,剧情/动作/奇幻/冒险, 新西兰 / 美国, 英语 / 辛达林语,179分钟,甘道夫掉下桥的那一刻，真的落泪了…
驴得水, ,No.246,2016,8.3,周申 / 刘露,任素汐 / 大力 / 刘帅良 / 裴魁山 / 阿如那 / 韩彦博 / 卜冠今 / 王堃 / 高阳 / 苏千越 / 麦亚瑟 / 王峰,剧情/喜剧, 中国大陆, 汉语普通话,111分钟,1.库斯图里卡的癫狂、荒诞+法哈蒂的困境、冲突，而这...其实在中国这片土地上随处可见；2.追求自由的人，死了；3.愤怒的人，成了听话的牲口；4.宽容的人，成了小人；5.淳朴的人，成了恶棍；6.正面向上的人，总在行骗；7.就让我们忘掉过去吧，才能继续作为“人”活下去。
黑客帝国3：矩阵革命,The Matrix Revolutions,No.156,2003,8.8,拉娜·沃卓斯基 / 莉莉·沃卓斯基,基努·里维斯 / 劳伦斯·菲什伯恩 / 凯瑞-安·莫斯 / 雨果·维文 / 贾达·萍克·史密斯 / 凯特·宾汉 / 玛丽·爱丽丝 / 莫妮卡·贝鲁奇 / 埃茜·戴维斯 / 克里斯托弗·卡比 / 罗伯特·马莫内 / 罗宾·奈文 / 吉娜薇·欧瑞丽 / 诺娜·加耶 / 纳撒尼尔·利斯 / 哈里·列尼斯 / 哈罗德·佩里诺 / 鲁伯特·雷德 / 凯文·迈克尔·理查德森 / 大卫·罗伯茨 / 布鲁斯·斯宾斯 / 吉娜·托瑞斯 / 克莱顿·华生 / 赫尔穆特·巴凯蒂斯 / 邹兆龙 / 乔·曼宁 / Tanveer K. Atwal / 拉黑·休姆 / 康奈尔·韦斯特 / 伯纳德·怀特 / 朗贝尔·维尔森 / 安东尼·布兰登·黄 / 安东尼·泽比 / 克雷格·沃克,动作/科幻, 美国, 英语 / 法语,129 分钟,一个bug和一个流氓软件打来打去，打来打去和打来打去
指环王2：双塔奇兵,The Lord of the Rings: The Two Towers,No.48,2002,9.2,彼得·杰克逊,伊利亚·伍德 / 西恩·奥斯汀 / 多米尼克·莫纳汉 / 奥兰多·布鲁姆 / 维果·莫腾森 / 伊恩·麦克莱恩 / 凯特·布兰切特 / 比利·博伊德 / 杰德·布罗菲 / 丽芙·泰勒 / 安迪·瑟金斯 / 米兰达·奥图 / 雨果·维文 / 布拉德·道里夫 / 卡卢姆·吉廷斯 / 伯纳德·希尔 / 布鲁斯·霍普金斯 / 克里斯托弗·李 / 纳撒尼尔·利斯 / 罗宾·马尔科姆 / 约翰·贝西 / 萨拉·贝克 / 克雷格·帕克 / 布鲁斯·菲利普斯 / Robert Pollock / 约翰·瑞斯-戴维斯 / 奥利维亚·田內 / 卡尔·厄本 / 史蒂芬·乌瑞 / 大卫·文翰 / 菲利普·格里夫 / 肖恩·宾 / 约翰·诺贝尔 / Jarl Benzon / Jørn Benzon / Ben Britton / 阿利斯泰尔·布朗宁 / Sean Button / Robert Catto / 罗德尼·库克 / 卡尔洛斯·德林克沃特 / 西奥沙福瓦 / 本·弗兰舍姆 / Jonathan Harding / Lucas Hayward / 丹·汉纳 / 保罗·霍姆斯 / 杰森霍德 / 彼得·杰克逊 / Sam Kelly / Sandro Kopp,剧情/动作/奇幻/冒险, 美国 / 新西兰, 英语 / 辛达林语 / 古代英语,180分钟,LOTR都有意或无意地削弱魔法的存在。因为LOTR所要传达的是：即使是平凡人也能改变事情的发展趋势，即使是最微不足道的角色也能改变许多人的命运，而魔法对事物进程的影响，却在演员们本色的表演中渐渐被淡化，这也是为什么在三部曲中魔法仅仅以渲染人物心理变化作为某种基调存在，而非针对某样事物的实体了。FOTR的行云如水可称为“公路电影”，而TTT与其说是魔幻篇章还不如说是战争史诗。
情书,Love Letter,No.66,1995,8.9,岩井俊二,中山美穗 / 丰川悦司 / 酒井美纪 / 柏原崇 / 范文雀 / 篠原胜之 / 铃木庆一 / 田口智朗 / 加贺麻理子 / 光石研 / 铃木兰兰 / 盐见三省 / 中村久美 / 梅田凡乃 / 长田江身子  / 小栗香织 / 神户浩 / 酒井敏也 / 山口诗史 / 山崎一 / 德井优 / 武藤寿美,剧情/爱情, 日本, 日语,117分钟,最后卡片翻过来后，我真的哭了。
红辣椒,パプリカ,No.94,2006,9.0,今敏,林原惠美 / 江守彻 / 堀胜之祐 / 古谷彻 / 大塚明夫 / 山寺宏一 / 田中秀幸 / 兴梠里美 / 岩田光央 / 爱河里花子 / 川濑晶子 / 太田真一郎 / 福松进纱 / 胜杏里 / 宫下荣治 / 三户耕三 / 今敏 / 筒井康隆,科幻/动画/悬疑/惊悚, 日本, 日语,90 分钟,如果说盗梦空间像是工科生拍的 充满了逻辑 数学 推理 极尽聪明之事 那红辣椒就像是文科生拍的 天马行空 无所不能 是一个真正的梦
雨中曲,Singin' in the Rain,No.193,1952,9.1,斯坦利·多南 / 吉恩·凯利,吉恩·凯利 / 唐纳德·奥康纳 / 黛比·雷诺斯 / 简·哈根 / 米勒德·米切尔 / 赛德·查里斯 / 达格拉斯·福雷 / 丽塔·莫雷诺 / 道恩·艾达丝 / John Albright / Betty Allen / Bette Arlen / David Bair / 玛格丽特·伯特 / Madge Blake / Gail Bonney / Chet Brandenburg / 梅·克拉克 / Harry Cody / Chick Collins / Pat Conway / Jeanne Coyne / Fred Datig Jr. / 凯·德利斯 / John Dodsworth / 金·多诺万 / Phil Dunham / 海伦·艾比罗克 / Richard Emory / Tommy Farrell / Ernie Flatt / 贝丝·弗劳尔斯 / 罗伯特·福捷 / Dan Foster / Robert Foulk / Eric Freeman / 凯瑟琳·弗里曼 / 兰斯·富勒 / 杰克·乔治 / John George / Inez Gorman / A. Cameron Grant / Beatrice Gray / William Hamel / 山姆·哈里斯 / Timmy Hawkins / Jean Heremans / 斯图尔特·霍姆斯 / 肯纳G.肯普 / 迈克·拉里 / 乔伊·兰辛 / William F. Leicester / Sylvia Lewis,喜剧/爱情/歌舞, 美国, 英语,103分钟,老电影总是快乐得那么纯粹
达拉斯买家俱乐部,Dallas Buyers Club,No.168,2013,8.8,让-马克·瓦雷,马修·麦康纳 / 詹妮弗·加纳 / 杰瑞德·莱托 / 斯蒂夫·扎恩 / 达拉斯·罗伯特斯 / 凯文·兰金 / 丹尼斯·欧哈拉 / 简·麦克尼尔 / 格里芬·邓恩 / 詹姆斯·杜蒙特 / 朱丽叶·里夫斯 / 斯蒂菲·格罗特 / J·D·埃弗摩尔,剧情/同性/传记, 美国, 英语 / 日语,117分钟,用最轻松的态度拍出了最沉重的题材，完全不加煽情的感染人心。男演员们演技都大发了，今年Jared Leto不拿最佳男配我特么就撕逼！！！！
千年女优,千年女優,No.249,2001,8.8,今敏,庄司美代子 / 小山茉美 / 折笠富美子 / 饭塚昭三 / 小野坂昌也 / 津田匠子 / 铃置洋孝 / 京田尚子 / 德丸完 / 片冈富枝 / 石森达幸 / 佐藤政道 / 小形满 / 麻生智久 / 游佐浩二 / 肥后诚 / 坂口候一 / 志村知幸 / 木村亚希子 / 佐伯志 / 野岛裕史 / 浅野琉璃 / 大中宽子 / 园部好德 / 大黑优美子 / 山寺宏一 / 津嘉山正种,剧情/爱情/动画, 日本, 日语,87 分钟,只有动画片才能完成如此精妙的视听语言的组合。教科书级别的剪辑和调度。
怪兽电力公司,"Monsters, Inc.",No.132,2001,8.7,彼特·道格特 / 大卫·西尔弗曼 / 李·昂克里奇,约翰·古德曼 / 比利·克里斯托 / 玛丽·吉布斯 / 史蒂夫·布西密 / 詹姆斯·柯本 / 詹妮弗·提莉 / 鲍勃·彼德森 / 约翰·拉岑贝格 / 弗兰克·奥兹 / 丹尼尔·吉尔森 / 邦尼·亨特 / 杰克·安杰尔 / 塞缪尔·洛德·布莱克 / 史蒂夫·萨斯坎德,喜剧/动画/儿童/奇幻/冒险, 美国, 英语,92分钟,"简直就是最爱啊！编剧太可爱了,居然能想到用孩子的哭声和笑声作为电力能源。什么叫创意?这就叫创意~~"
致命魔术,The Prestige,No.77,2006,8.9,克里斯托弗·诺兰,休·杰克曼 / 克里斯蒂安·贝尔 / 迈克尔·凯恩 / 丽贝卡·豪尔 / 斯嘉丽·约翰逊 / 大卫·鲍伊 / 安迪·瑟金斯 / 派珀·佩拉博 / 萨曼塔·马霍林 / 丹尼尔·戴维斯 / 吉姆·皮多克 / 克里斯托弗·尼姆 / 马克·瑞安 / 罗杰·里斯 / 杰米·哈里斯 / 罗恩·帕金斯 / 瑞奇·杰 / 安东尼·德·马克 / 冀朝理,剧情/悬疑/惊悚, 英国 / 美国, 英语,130分钟,故事编不下去就弄成科幻了。。。
猜火车,Trainspotting,No.250,1996,8.6,丹尼·博伊尔,伊万·麦克格雷格 / 艾文·布莱纳 / 约翰尼·李·米勒 / 凯文·麦克基德 / 罗伯特·卡莱尔 / 凯莉·麦克唐纳 / 彼得·穆兰 / 詹姆斯·科兹莫 / 艾琳·尼古拉斯 / 苏珊·维德勒 / 波林·林奇 / 雪莉·亨德森 / 斯图尔特·麦克奎里 / 埃文·威尔什 / 戴尔·温顿 / 基思·艾伦 / 凯文·艾伦 / 菲奥娜·贝尔 / 休·罗斯 / 芬利·威尔士 / 汤姆·德尔玛 / 约翰·霍奇 / 安德鲁·麦克唐纳 / Stuart McGugan,剧情/犯罪, 英国, 英语,94分钟,世界在边，音乐在变，连毒品也在边，你不会越来越年轻
海边的曼彻斯特,Manchester by the Sea,No.205,2016,8.6,肯尼思·洛纳根,卡西·阿弗莱克 / 卢卡斯·赫奇斯 / 米歇尔·威廉姆斯 / C·J·威尔逊 / 凯尔·钱德勒 / 卡拉·海沃德 / 格瑞辰·摩尔 / 泰特·多诺万 / 埃里卡·麦克德莫特 / 希瑟·伯恩斯 / 蜜西·雅格 / 斯蒂芬·亨德森 / 本·汉森 / 玛丽·梅伦 / 安东尼·埃斯特拉 / 苏珊·波尔法 / 罗伯特·塞拉 / 卡罗琳·皮克曼 / 约什·汉密尔顿 / 肖恩·菲茨吉本 / 肯尼思·洛纳根 / 安娜·巴瑞辛尼科夫 / 利亚姆·麦克尼尔 / 马修·布罗德里克 / Kt·巴达萨罗 / 威廉·博恩凯塞尔 / 弗兰克·达戈斯蒂诺 / 托马斯·马里亚诺,剧情/家庭, 美国, 英语,137分钟,那些劝我们向前看的朋友，“不是所有人都可以和过去和解”
辩护人,변호인,No.53,2013,9.2,杨宇硕,宋康昊 / 金英爱 / 吴达洙 / 郭度沅 / 任时完 / 宋永彰 / 郑元中 / 赵敏基 / 李杭娜 / 李星民 / 车光洙 / 韩基重 / 沈熙燮 / 赵莞基 / 李姃垠,剧情, 韩国, 韩语,127分钟,一部改变现实的电影：釜山地方法院于2014年2月13日对“釜林事件”进行了二审宣判，判决5名被告人无罪，距离一审判决时隔33年。“因为国民不富裕就不能受法律保护，就不能享受民主，这种说法我是无法接受的。”——宋佑硕
爆裂鼓手,Whiplash,No.178,2014,8.7,达米恩·查泽雷,迈尔斯·特勒 / J·K·西蒙斯 / 保罗·雷瑟 / 梅莉莎·班诺伊 / 奥斯汀·斯托维尔 / 内特·朗 / 克里斯·马尔基 / 达蒙·冈普顿 / Suanne Spoke / 马科斯·卡锡 / Charlie Ian / 杰森·布莱尔 / 科菲·斯里博伊 / 卡维塔帕蒂尔 / C.J. Vana / 塔里克·洛维 / 卡尔文·C·温布什 / 迈克尔·D·科恩 / 艾普尔·格雷斯 / 马库斯·亨德森 / 亨利·G.桑德斯 / 温迪·李 / 米歇尔·拉夫,剧情/音乐, 美国, 英语,107分钟,燃！爆！了！相信每个练过乐器，或者在艺术表演方面付出过汗水的人都能找到深刻的共鸣，那种对严师又敬又怕，想汲取他们的能量却感受被逼至悬崖的窒息感，想在技术上完美再完美一点却发现音乐远不止这些的惊喜与恐惧... 片子就像里面的爵士乐，是肾上腺素爆发的血汗结晶，它不完美却无可取代
消失的爱人,Gone Girl,No.118,2014,8.7,大卫·芬奇,本·阿弗莱克 / 裴淳华 / 尼尔·帕特里克·哈里斯 / 凯莉·库恩 / 泰勒·派瑞 / 金·迪肯斯 / 米西·派勒 / 波伊德·霍布鲁克 / 艾米丽·拉塔科斯基 / 雪拉·渥德 / 派屈克·福吉特 / 斯科特·麦克纳里 / 凯西·威尔逊 / 李·诺里斯,剧情/悬疑/惊悚/犯罪, 美国, 英语,149分钟,特别喜欢在汽车旅馆打劫Amy的那对小流氓，简单直接，秒杀了没事瞎折腾的女主
惊魂记,Psycho,No.172,1960,9.0,阿尔弗雷德·希区柯克,安东尼·博金斯 / 维拉·迈尔斯 / 约翰·加文 / 珍妮特·利 / 马丁·鲍尔萨姆 / 约翰·麦克因泰 / 西蒙·奥克兰 / 弗兰克·艾伯森 / 帕特里夏·希区柯克 / 沃恩·泰勒 / 卢伦·塔特尔 / 约翰·安德森 / 莫特·米尔斯 / 吉特·卡森 / 维吉尼亚·格雷格 / 阿尔弗雷德·希区柯克 / 珍妮特·诺兰 / 罗伯特·奥斯本 / 海伦·华莱士 / Fletcher Allen / 沃尔特·培根 / 弗朗西斯·德塞尔斯 / 乔治·多克斯塔德 / 乔治·埃尔德雷奇 / 哈珀·弗莱厄蒂 / 萨姆·弗林特 / 弗兰克·基尔蒙德 / 泰德·奈特 / 帕特·麦卡弗里 / 汉斯-乔基姆·默比斯 / 弗雷德·谢威勒,悬疑/惊悚/恐怖, 美国, 英语,109分钟,且看诺曼的last smile  毛骨悚然！
摩登时代,Modern Times,No.87,1936,9.3,查理·卓别林,查理·卓别林 / 宝莲·高黛 / 亨利·伯格曼 / 蒂尼·桑福德 / 切斯特·康克林 / 汉克·曼 / 斯坦利·布莱斯通 / 阿尔·欧内斯特·加西亚 / 理查德·亚历山大 / 塞西尔·雷诺兹 / 米拉·麦金尼 / 默多克·麦夸里 / 威尔弗雷德·卢卡斯 / 爱德华·勒桑 / 弗雷德·马拉泰斯塔 / 萨米·斯坦 / 特德·奥利弗 / 诺曼·安斯利 / 博比·巴伯 / 海尼·康克林 / 格洛丽亚·德黑文 / 帕特·弗莱厄蒂 / 弗兰克·哈格尼 / 帕特·哈蒙 / 劳埃德·英格拉哈姆 / 沃尔特·詹姆斯 / 爱德华·金博尔 / 杰克·洛 / 巴迪·梅辛杰 / 布鲁斯·米切尔 / 弗兰克·莫兰 / 詹姆斯·C·莫顿 / 路易·纳托 / J·C·纽金特 / 拉斯·鲍威尔 / 约翰兰德 / 哈里·威尔逊,剧情/喜剧/爱情, 美国, 英语,87分钟,"惭愧死了，这才是我第一次真正看卓别林的电影。在放映之前我还想，为什么人们要叫他“大师”？不就是一个演员么。结果几秒以后，字幕上映，导演，编剧，主演，甚至音乐配乐都是卓别林创作的。我完全被震撼，真的是大师啊……

这是一部又辛酸又喜剧的片子，对当时的社会不论是在工业，政治，还是生活"
盗梦空间,Inception,No.9,2010,9.3,克里斯托弗·诺兰,莱昂纳多·迪卡普里奥 / 约瑟夫·高登-莱维特 / 艾利奥特·佩吉 / 汤姆·哈迪 / 渡边谦 / 迪利普·劳 / 基里安·墨菲 / 汤姆·贝伦杰 / 玛丽昂·歌迪亚 / 皮特·波斯尔思韦特 / 迈克尔·凯恩 / 卢卡斯·哈斯 / 李太力 / 克莱尔·吉尔蕾 / 马格努斯·诺兰 / 泰勒·吉蕾 / 乔纳森·吉尔 / 水源士郎 / 冈本玉二 / 厄尔·卡梅伦 / 瑞恩·海沃德 / 米兰达·诺兰 / 拉什·费加 / 蒂姆·科勒赫 / 妲露拉·莱莉,剧情/科幻/悬疑/冒险, 美国 / 英国, 英语 / 日语 / 法语,148分钟,1、电影确实精彩。2、没有想象的难懂，相信你自己。3、总会有一个让你记一辈子的镜头。4、请降低期待值。5、请提前上厕所。6、记得关手机。7、一定要去影院，因为影院也是个造梦机器。8、记得听完结尾音乐。因为它负责让你醒来。9、极可能是近几年你在影院看过最精彩的电影。10、穿越吧少年
哈利·波特与魔法石,Harry Potter and the Sorcerer's Stone,No.31,2001,9.1,克里斯·哥伦布,丹尼尔·雷德克里夫 / 艾玛·沃森 / 鲁伯特·格林特 / 艾伦·瑞克曼 / 玛吉·史密斯 / 汤姆·费尔顿 / 伊恩·哈特 / 理查德·哈里斯 / 约翰·赫特 / 罗彼·考特拉尼 / 朱丽·沃特斯 / 邦妮·怀特 / 约翰·克里斯 / 肖恩·比格斯代夫,奇幻/冒险, 美国 / 英国, 英语,152分钟,花了8年才看完这部电影....
东京教父,東京ゴッドファーザーズ,No.215,2003,9.0,今敏,江守彻 / 梅垣义明 / 冈本绫 / 饭塚昭三 / 加藤精三 / 石丸博也 / 槐柳二 / 屋良有作 / 寺濑今日子 / 能登麻美子 / 大塚明夫 / 小山力也 / 宇垣秀成 / 小形满 / 芝原智矢子 / 竹口安芸子 / 伊藤和晃 / 古田信幸 / 汤屋敦子 / 堀川仁 / 风间勇刀 / 最上嗣生 / 园部好德 / 川濑晶子 / 宫崎晋永 / 矢原加奈子 / 柴田理惠 / 犬山犬子 / 山寺宏一 / 柚木凉香 / 进藤尚美 / 川原庆久 / 麻生智久 / 铃森勘司 / 金田朋子 / 藤原启治 / 兴梠里美,剧情/喜剧/动画, 日本, 日语 / 西班牙语 / 英语,92分钟,今敏证明了1点：动画不是单纯的视觉炫技，而是服务于实拍无法达到的剧情
我不是药神, ,No.38,2018,9.0,文牧野,徐峥 / 王传君 / 周一围 / 谭卓 / 章宇 / 杨新鸣 / 王佳佳 / 王砚辉 / 贾晨飞 / 龚蓓苾 / 宁浩 / 李乃文 / 岳小军 / 苇青 / 富冠铭 / 巴拉特·巴蒂 / 喜利图 / 张海艳 / 朱耕佑,剧情/喜剧, 中国大陆, 汉语普通话 / 英语 / 上海话 / 印地语,117分钟,这不是“中国版《达拉斯买家俱乐部》”，这是中国的真实事件改编的中国电影，是属于我们自己的电影，不知道就去百度一下“陆勇”。
谍影重重2,The Bourne Supremacy,No.231,2004,8.7,保罗·格林格拉斯,马特·达蒙 / 布莱恩·考克斯 / 琼·艾伦 / 卡尔·厄本 / 弗朗卡·波滕特 / 朱丽娅·斯蒂尔斯 / 加布里埃尔·曼 / 马尔顿·索克斯 / 汤姆·加洛普 / 约翰·贝德福德·劳埃德 / 伊桑·桑德勒 / 米歇尔·莫纳汉 / 卡瑞尔·罗登 / 托马斯·阿拉纳 / 奥莎娜·阿金什那 / Yevgeni Sitokhin / 蒂姆·格里芬 / 肖恩·史密斯 / 马克西姆·科瓦莱夫斯基 / 帕特里克·克劳利 / 乔恩·科林·巴克利 / 谢恩·辛努特科 / Claudio Maniscalco / Dirk Schoedon / 伊万·舍甫多夫 / 丹尼斯·布尔加兹列夫 / Nick Wilder / 维克多·埃菲尔 / 埃莱娜·卡多纳 / 克里斯·库珀,动作/悬疑/惊悚, 美国 / 德国, 英语 / 俄语 / 德语 / 意大利语,108分钟,伯恩在水下亲吻玛丽的那段，真是又美丽，又悲伤，唉。
死亡诗社,Dead Poets Society,No.57,1989,9.1,彼得·威尔,罗宾·威廉姆斯 / 罗伯特·肖恩·莱纳德 / 伊桑·霍克 / 乔西·查尔斯 / 盖尔·汉森 / 迪伦·库斯曼 / 阿勒隆·鲁杰罗 / 詹姆斯·沃特斯顿 / 诺曼·劳埃德 / 柯特伍德·史密斯 / 卡拉·贝尔韦尔 / 利昂·波纳尔 / 乔治·马丁 / 乔·奥菲耶里 / 马特·凯里 / 凯文·库尼 / 拉腊·弗林·鲍尔 / 亚历桑德拉·鲍尔斯 / 梅洛拉·沃尔特斯 / 帕梅拉·伯勒尔 / 约翰·库宁汉姆 / 迪布拉·穆尼 / 库尔特·莱特纳 / 凯瑟·斯内德 / 霍纳斯·斯蒂克洛瑞斯 / 杰米·肯尼迪,剧情, 美国, 英语 / 拉丁语,128 分钟,“金融，工程，建筑，计算，固然很重要，那是我们生存的条件；但诗歌，浪漫，爱，是我们生而为人的原因。”
蝙蝠侠：黑暗骑士崛起,The Dark Knight Rises,No.114,2012,8.8,克里斯托弗·诺兰,克里斯蒂安·贝尔 / 汤姆·哈迪 / 安妮·海瑟薇 / 约瑟夫·高登-莱维特 / 玛丽昂·歌迪亚 / 加里·奥德曼 / 迈克尔·凯恩 / 摩根·弗里曼 / 朱诺·坦普尔 / 乔什·平茨 / 丹尼尔·逊亚塔 / 内斯特·卡博内尔 / 伯恩·戈曼 / 连姆·尼森 / 乔伊·金 / 艾丹·吉伦 / 基里安·墨菲 / 乔什·斯图沃特 / 马修·莫迪恩 / 本·门德尔森,剧情/动作/科幻/惊悚/犯罪, 美国 / 英国, 英语 / 阿拉伯语,165分钟,孤立地看，这是一部无可争议的五星电影；但和第二部《黑暗骑士》比起来，它只能拿四颗星。
绿里奇迹,The Green Mile,No.181,1999,8.9,弗兰克·德拉邦特,汤姆·汉克斯 / 大卫·摩斯 / 迈克·克拉克·邓肯 / 邦尼·亨特 / 詹姆斯·克伦威尔 / 迈克尔·杰特 / 格雷厄姆·格林 / 道格·休切逊 / 山姆·洛克威尔 / 巴里·佩珀 / 杰弗里·德曼 / 派翠西娅·克拉克森 / 哈利·戴恩·斯坦通 / 戴布思·格里尔 / 伊芙·布伦特,剧情/悬疑/犯罪/奇幻, 美国, 英语 / 法语,189 分钟,“我累了，不想活了，真的，我不想再像孤雁一样，我不想再过没有朋友的日子，我希望有人能告诉我该何去何从，我不想再看到丑陋的人性，我不想在每日承担全世界的痛苦。”讲的是耶稣么？十字架变成了电椅。
本杰明·巴顿奇事,The Curious Case of Benjamin Button,No.65,2008,9.0,大卫·芬奇,凯特·布兰切特 / 布拉德·皮特 / 朱莉娅·奥蒙德 / 芳妮·A·钱勃丝 / 伊莱亚斯·科泰斯 / 杰森·弗莱明 / 大卫·詹森 / 蒂尔达·斯文顿 / 艾丽·范宁 / 乔安娜·塞勒 / 乔什·斯图沃特 / 丹尼·文森 / 塔拉吉·P·汉森 / 马赫沙拉·阿里 / 菲奥娜·黑尔 / 唐娜·杜普兰提尔 / 兰斯·E·尼克尔斯 / 特德·曼森 / 克莱·卡伦 / 菲利斯·萨莫维尔 / 杰瑞德·哈里斯 / 麦迪逊·贝蒂 / 汤姆·埃沃雷特 / 克里斯托弗·马克斯韦尔 / 伊利亚·沃里克,剧情/爱情/奇幻, 美国, 英语 / 俄语 / 法语,166分钟,你可以像疯狗那样对周围的一切愤愤不平， 你可以诅咒命运，但是等到最后一刻到来之时， 你还得平静的放手而去。每个人在某种程度上都对自己有不同的认识，但是我们最后都会去往同一个地方。只是走的路不同罢了。你也有属于你的道路。
哈利·波特与阿兹卡班的囚徒,Harry Potter and the Prisoner of Azkaban,No.102,2004,8.9,阿方索·卡隆,丹尼尔·雷德克里夫 / 艾玛·沃森 / 鲁伯特·格林特 / 加里·奥德曼 / 朱丽·沃特斯 / 邦妮·怀特 / 大卫·休里斯 / 迈克尔·刚本 / 艾伦·瑞克曼 / 玛吉·史密斯 / 汤姆·费尔顿 / 艾玛·汤普森 / 朱莉·克里斯蒂 / 蒂莫西·斯波,奇幻/冒险, 英国 / 美国, 英语,141 分钟,阿方索·卡隆把黑暗紧张，幽默风趣，还有机智巧妙的构思完美地融合在这一部电影中，让人意犹未尽。
三块广告牌,"Three Billboards Outside Ebbing, Missouri",No.160,2017,8.7,马丁·麦克唐纳,弗兰西斯·麦克多蒙德 / 伍迪·哈里森 / 山姆·洛克威尔 / 艾比·考尼什 / 卢卡斯·赫奇斯 / 彼特·丁拉基 / 约翰·浩克斯 / 卡赖伯·兰德里·琼斯 / 凯瑟琳·纽顿 / 凯瑞·康顿 / 泽利科·伊万内克 / 萨玛拉·维文 / 克拉克·彼得斯 / 尼克·瑟西 / 阿曼达·沃伦 / 玛拉雅·瑞沃拉·德鲁 / 布兰登·萨克斯顿 / 迈克尔·艾伦·米利甘,剧情/犯罪, 美国 / 英国, 英语,115分钟,本届奥斯卡主题——美国妈妈牛逼死了。《伯德小姐》《我花样女王》《大病》《三块广告牌》拜托把这几个妈妈凑在一起吧，光聊天吵架就行，比超级英雄联盟好看一万倍。
美丽心灵,A Beautiful Mind,No.63,2001,9.0,朗·霍华德,罗素·克劳 / 艾德·哈里斯 / 詹妮弗·康纳利 / 克里斯托弗·普卢默 / 保罗·贝坦尼 / 亚当·戈德堡 / 乔什·卢卡斯 / 安东尼·拉普 / 贾森·加里-斯坦福德 / 贾德·赫希 / 奥斯汀·潘德尔顿 / 薇薇·卡登尼 / 吉莉·西蒙 / 维克多·斯坦巴赫 / 坦娅·克拉克 / 罗伊·辛尼斯 / 谢丽尔·霍华德 / 兰斯·霍华德 / 简·詹金斯 / 乔什·帕斯 / 瓦伦蒂娜·卡迪纳利 / 蒂格尔·F·伯格里 / 迈克尔·埃斯佩尔 / 艾米·瓦尔兹 / 小艾德.朱普 / 卡拉·奥奇格罗索 / 斯特里奥·萨万特 / 迈克尔·阿伯特 / 雷吉·奥斯汀 / 凯德·比特纳 / 理查·布莱恩特 / 丹·陈 / 乔纳·福尔肯 / 法布里奇奥·范特 / 斯科特·费恩斯特罗姆 / 迈克尔·菲奥里 / 塞斯·盖贝尔 / 埃文·哈特 / 杰森·霍顿 / 布莱丝·达拉斯·霍华德 / 朗·霍华德 / 多里·曼佐尔 / 罗伯特·迈尔斯 / 里德·彭尼 / 米尔斯·彼埃尔 / 肖恩·里德,剧情/传记, 美国, 英语,135分钟,"我觉得你很有魅力, 你对我的主动性说明你对我有同感。尽管如此，传统的信任仍然需要我们在做爱之前进行数多次柏拉图式恋爱。我正在往这方面发展，但事实说来，我真正想做的只是尽快和你XXXX。"
谍影重重3,The Bourne Ultimatum,No.165,2007,8.8,保罗·格林格拉斯,马特·达蒙 / 朱丽娅·斯蒂尔斯 / 大卫·斯特雷泽恩 / 斯科特·格伦 / 帕迪·康斯戴恩 / 埃德加·拉米雷兹 / 阿尔伯特·芬尼 / 琼·艾伦 / Tom Gallop / 克里·约翰逊 / 丹尼尔·布鲁赫 / 乔伊·安沙 / 科林·斯廷顿 / 丹·弗雷登堡 / Lucy Liemann,动作/悬疑/惊悚, 美国 / 德国, 英语 / 法语 / 阿拉伯语 / 俄语 / 西班牙语,115分钟,紧凑、凌厉，史上最佳间谍动作片。
忠犬八公物语,ハチ公物語,No.175,1987,9.2,神山征二郎,山本圭 / 井川比佐志 / 片桐入 / 仲代达矢 / 春川真澄 / 八千草薰 / 石野真子 / 殿山泰司 / 加藤嘉 / 石仓三郎 / 泉谷茂 / 柳叶敏郎,剧情, 日本, 日语,107 分钟,"八公的""原味""还是在日版，教授去世后与之相关的人们对八公的薄凉，在它始一而终的热诚面前抬不起眼。
片尾的长镜头中，始终无人关照这位""人类的朋友""的死亡。似乎是一种讽刺，人弃忠友而去，却等待它们用生命为人类守灵。
除了教授，没人担得起这份守候。"
哈利·波特与密室,Harry Potter and the Chamber of Secrets,No.116,2002,8.8,克里斯·哥伦布,丹尼尔·雷德克里夫 / 艾玛·沃森 / 鲁伯特·格林特 / 汤姆·费尔顿 / 理查德·格雷弗斯 / 费奥纳·肖 / 托比·琼斯 / 朱丽·沃特斯 / 邦妮·怀特 / 詹森·艾萨克 / 肯尼思·布拉纳 / 艾伦·瑞克曼 / 理查德·哈里斯 / 玛吉·史密斯 / 约翰·克里斯 / 肖恩·比格斯代夫 / 克里斯·兰金 / 克里斯蒂安·库尔森,奇幻/冒险, 英国 / 美国, 英语,161分钟,如果一直能由哥伦布导演，那哈迷该多幸福啊...
聚焦,Spotlight,No.245,2015,8.8,汤姆·麦卡锡,马克·鲁弗洛 / 迈克尔·基顿 / 瑞秋·麦克亚当斯 / 列维·施瑞博尔 / 约翰·斯拉特里 / 布莱恩·达西·詹姆斯 / 斯坦利·图齐 / 比利·克鲁德普 / 保罗·吉尔福伊尔 / 杰米·谢尔丹 / 兰·卡琉 / 尼尔·哈夫 / 迈克尔·西里尔·克赖顿 / 迈克尔·康特里曼,剧情/传记, 美国, 英语,128分钟,唯冷峻克制的表达，更具“于无声处听惊雷”的震撼效果。
小丑,Joker,No.230,2019,8.7,托德·菲利普斯,华金·菲尼克斯 / 罗伯特·德尼罗 / 马克·马龙 / 莎姬·贝兹 / 谢伊·惠格姆 / 弗兰西丝·康罗伊 / 布莱恩·考伦 / 布莱恩·泰里·亨利 / 布莱特·卡伦 / 道格拉斯·霍奇斯 / 格伦·弗莱舍尔 / 比尔·坎普 / 乔什·帕斯 / 但丁·佩雷拉-奥尔森 / 玛丽·凯特·马拉特 / 迈克尔·本茨 / 莎珑·华盛顿 / 桑德拉·詹姆斯 / 托尼·赫德 / 曼德拉·贝拉米 / 乔·奥克曼 / 卡尔·伦德施泰特 / 米克·奥罗克 / 大卫·吉布森 / 伊万·罗萨多 / 安妮·比萨比亚 / 布莱斯·科里根 / 乔恩·道格拉斯·雷尼 / 艾恩斯利·丹恩 / 杰森·约翰·奇卡莱塞,剧情/惊悚/犯罪, 美国 / 加拿大, 英语,122分钟,4.5 在《黑暗骑士》公映的十一年后，终于有一部能与之相提并论的同类电影了。扭曲，震撼，一次进入深渊本体的角色研究，一场庆祝疯狂和悲剧的黑暗大狂欢。凤凰的表演是碾压式的，奖项根本hold不住。
真爱至上,Love Actually,No.179,2003,8.6,理查德·柯蒂斯,休·格兰特 / 科林·费尔斯 / 艾玛·汤普森 / 凯拉·奈特莉 / 连姆·尼森 / 托马斯·布罗迪-桑斯特 / 比尔·奈伊 / 马丁·弗瑞曼 / 劳拉·琳妮 / 艾伦·瑞克曼 / 克里斯·马歇尔 / 罗德里戈·桑托罗 / 罗温·艾金森 / 比利·鲍伯·松顿 / 玛汀·麦古基安 / 安德鲁·林肯 / 露西娅·莫尼斯 / 海克·玛卡琪,剧情/喜剧/爱情, 英国 / 美国 / 法国, 英语 / 葡萄牙语 / 法语,135分钟,1、每当我对世局倍感忧虑时，就会想到希思罗机场的入境闸口。人们认为世界充满仇恨与贪婪，但我却不同意。在我看来爱无处不在，虽然未必来的轰轰烈烈，但是爱永远存在。父子，母女，夫妻，男朋友，女朋友，老朋友，当飞机撞上世贸大厦时，临终打出的电话，谈的不是报复，而都是爱。如果你肯留意，你会发现爱其实无处不在。love actually is all around.
被解救的姜戈,Django Unchained,No.145,2012,8.8,昆汀·塔伦蒂诺,杰米·福克斯 / 莱昂纳多·迪卡普里奥 / 克里斯托弗·瓦尔兹 / 塞缪尔·杰克逊 / 凯丽·华盛顿 / 沃尔顿·戈金斯 / 丹尼斯·克里斯托弗 / 乔纳·希尔 / 詹姆斯·瑞马尔 / 爱波·塔布琳 / 弗兰科·内罗 / 罗伯特·卡拉丁 / 佐伊·贝尔,剧情/动作/西部/冒险, 美国, 英语 / 法语 / 德语,163分钟(中国大陆),零，有一种类型片，叫昆丁；一，昆丁只拍这种片，但只有昆丁拍这种片；二，此片没那么完美，但已比无耻混蛋用心很多；三，昆丁可能永远再达不到低俗小说的高度，但本作足以革新西部片；四，南方口音蛋疼，有些笑点没听懂，以后我得看中文字幕版；五，原谅我用那么多分号，cuz Ima goddamn programmer.
疯狂的麦克斯4：狂暴之路,Mad Max: Fury Road,No.217,2015,8.6,乔治·米勒,汤姆·哈迪 / 查理兹·塞隆 / 尼古拉斯·霍尔特 / 休·基斯-拜恩 / 乔什·赫尔曼 / 内森·琼斯 / 佐伊·克罗维兹 / 罗茜·汉丁顿-惠特莉 / 丽莉·吉欧 / 阿比·丽 / 考特尼·伊顿 / 安格斯·桑普森 / 理查德·卡特 / 梅根·盖尔 / 肖恩·哈普,动作/科幻/冒险, 澳大利亚 / 美国, 英语 / 俄语,120分钟,近年来最具作者性最有风格的好莱坞动作片，且完成度极高，其存在堪称奇迹。单是前30分钟就已经嗨翻天，风暴戏的配乐简直神来之笔！邪典味的疯劲贯穿全片，文戏少没废话直接爽，如此雄性的动作电影竟然没有直男癌反而讲了一个女权觉醒的故事，片中每一个女性角色都实现了自我价值。PS：电吉他碉堡了！
无敌破坏王,Wreck-It Ralph,No.185,2012,8.7,瑞奇·摩尔,约翰·C·赖利 / 萨拉·西尔弗曼 / 杰克·麦克布瑞尔 / 简·林奇 / 艾伦·图代克 / 敏迪·卡灵 / 乔·洛·特鲁格里奥 / 艾德·奥尼尔 / 丹尼斯·海斯伯特 / 伊迪·麦克勒格 / 雷蒙德·S·佩尔西 / 杰斯·哈梅尔 / 瑞秋·哈里斯 / 斯盖拉·阿斯丁 / 亚当·卡罗拉 / 霍拉提奥·桑斯 / 莫里斯·拉马奇 / 斯戴芬妮·斯考特 / 约翰·迪·马吉欧 / 瑞奇·摩尔 / 凯蒂·洛斯 / 贾米·埃曼 / 乔西·特立尼达 / 辛贝·沃克 / 塔克·吉莫尔 / 布兰登·斯考特 / 蒂姆·梅尔滕斯 / 凯文·迪特斯 / 杰洛·里佛斯 / 马丁·贾维斯 / 布莱恩·克辛格 / 罗杰·克莱格·史密斯 / 菲尔·约翰斯顿 / 鲁本·兰登 / 凯尔·赫伯特 / 洁米·斯贝勒·罗伯茨 / 尼克·格里姆肖,喜剧/动画/奇幻/冒险, 美国, 英语,101分钟,即便今年的动画电影整体水平偏低，也不至于把这样一部作品推上神坛。
茶馆, ,No.218,1982,9.5,谢添,于是之 / 郑榕 / 蓝天野 / 英若诚 / 黄宗洛 / 童超 / 金昭 / 林连昆 / 牛星丽 / 谭宗尧 / 童弟 / 吴淑昆 / 胡宗温 / 程中 / 李大千 / 李源 / 李翔 / 张瞳 / 任宝贤 / 尚丽娟 / 米铁增 / 田春奎 / 冯增祥 / 雷飞 / 林东升 / 孟瑾 / 孙峻峰 / 平原 / 曹世骧 / 王大年 / 王淑华 / 张华 / 丁海涛 / 朱旭 / 孙敬修 / 曹孟浪 / 何康理,剧情/历史, 中国大陆, 北京话,118分钟,"芸芸众生，人间百态。
经典台词：我爱咱们的国呀，可是谁爱我。"
人工智能,Artificial Intelligence: AI,No.201,2001,8.7,史蒂文·斯皮尔伯格,海利·乔·奥斯蒙 / 弗兰西丝·奥康纳 / 山姆·洛巴兹 / 杰克·托马斯 / 裘德·洛 / 威廉·赫特 / 肯·梁 / 克拉克·格雷格 / 凯文·苏斯曼 / 汤姆·加洛普 / 尤金·奥斯门特 / 艾普尔·格雷斯 / 马特·温斯顿 / 萨布丽娜·格德维奇 / 西奥·格林利,剧情/科幻, 美国 / 英国, 英语,146分钟,大卫固然可怜，可小熊比他可怜。每一个都渴望家人的爱，可惜小熊在所有人眼中都只是玩具，包括大卫。虽然他有和大卫一样的思维，却没有和大卫一样的外貌。
七武士,七人の侍,No.151,1954,9.3,黑泽明,三船敏郎 / 志村乔 / 津岛惠子 / 岛崎雪子 / 藤原釜足 / 加东大介 / 木村功 / 千秋实 / 宫口精二 / 小杉义男 / 左卜全 / 稻叶义男 / 土屋嘉男 / 高堂国典 / 东野英治郎 / 上田吉二郎 / 多多良纯 / 渡边笃 / 小川虎之助 / 山形勋 / 上山草人 / 清水元 / 高木新平 / 大友伸 / 高原骏雄 / 稻垣三郎 / 堺左千夫 / 千石规子 / 本间文子 / 大久保正信 / 伊藤实 / 大村千吉 / 广濑正一 / 宇野晃司 / 谷晃 / 中岛春雄 / 清水美恵 / 熊谷卓三 / 夏木顺平 / 岩本弘司 / 堤康久 / 马野都留子 / 森今日子 / 加藤武 / 仲代达矢 / 宇津井健 / 山本廉,剧情/动作/冒险, 日本, 日语,207分钟,我只能用”高山仰止”四字来形容我对黑泽天皇这部旷世杰作的仰慕之情；纷繁庞杂却又条理清晰的史诗，严苛而精准的镜头和构图，七个武士和若干农民的性格都被描绘得入木三分， “休憩”后的大决战无比恢弘，叹为观止。
雨人,Rain Man,No.192,1988,8.7,巴瑞·莱文森,达斯汀·霍夫曼 / 汤姆·克鲁斯 / 瓦莱丽亚·戈利诺 / 邦尼·亨特 / 贝丝·格兰特 / 杰克·霍夫曼 / 克里斯·马尔基 / 杰拉尔德·R·莫伦 / 卢辛达·珍妮 / 拉尔夫·塞莫 / 迈克尔·D·罗伯茨 / 罗伊斯·D.阿普勒加特 / 路易莎·莱斯金,剧情, 美国, 英语 / 意大利语,133分钟,我可不可以把它看成一部公路片，某种程度。
黑客帝国2：重装上阵,The Matrix Reloaded,No.226,2003,8.6,拉娜·沃卓斯基 / 莉莉·沃卓斯基,基努·里维斯 / 劳伦斯·菲什伯恩 / 凯瑞-安·莫斯 / 雨果·维文 / 莫妮卡·贝鲁奇 / 赫尔穆特·巴凯蒂斯 / 斯蒂夫·巴什托尼 / 克里斯汀·阿努 / 丹尼尔·伯哈特 / 约瑟芬·白内斯 / 安迪·阿尼斯 / 贾达·萍克·史密斯 / 邹兆龙 / 埃茜·戴维斯 / 纳许·埃哲顿 / 格洛丽亚·福斯特 / 大卫·富兰克林 / 诺娜·加耶 / 小罗伊·琼斯 / 大卫·基尔德 / 兰德尔·杜克·金 / 克里斯托弗·卡比 / 纳撒尼尔·利斯 / 哈里·列尼斯 / 罗伯特·马莫内 / 马特·麦科姆 / 罗宾·奈文 / 大卫·诺 / 吉娜薇·欧瑞丽 / 苏格拉底·奥图 / 哈罗德·佩里诺 / 阿德里安·雷梅特 / 尼尔·雷梅特 / 鲁伯特·雷德 / 大卫·罗伯茨 / 凯文·斯科特 / 尼坎德罗·托马斯 / 吉娜·托瑞斯 / 史蒂夫·维拉 / 克莱顿·华生 / 康奈尔·韦斯特 / 雷·沃纳尔 / 伯纳德·怀特 / 朗贝尔·维尔森 / 安东尼·布兰登·黄 / 安东尼·泽比,动作/科幻, 美国, 英语 / 法语,138分钟,剧情都在后20分钟，前面一大段都在不停地打打打打打打打，每一段打斗剧情结束我都会想不起来他们怎么会打到一起去的……
幸福终点站,The Terminal,No.129,2004,8.8,史蒂文·斯皮尔伯格,汤姆·汉克斯 / 凯瑟琳·泽塔-琼斯 / 斯坦利·图齐 / 齐·麦克布赖德 / 迭戈·卢纳 / 巴里·沙巴卡·亨利 / 库玛·帕拉纳 / 佐伊·索尔达娜 / 埃迪·琼斯 / 祖德·塞克利拉 / 科瑞·雷诺兹 / 古列雷莫·迪亚兹 / 里尼·贝尔 / 瓦列里·尼古拉耶夫 / 迈克尔·诺里 / 鲍勃·莫里西 / 萨沙·斯皮尔伯格 / 苏珊·索洛米 / 卡尔利斯·布克 / 斯蒂芬·富勒 / 丹·芬纳蒂 / Lydia Blanco / 肯尼斯·崔 / 卡斯·安瓦尔 / 康拉德·皮拉 / 杜桑恩·杜基齐 / 马克·伊瓦涅 / Benny Golson / 斯科特·安第斯 / 罗伯特·科瓦吕比亚 / Dilva Henry / 卡尔艾拉切 / 哈亚提·阿克巴斯 / 艾力克斯·伯恩斯 / 埃莱娜·卡多纳 / Dan Chase / 查得·R·戴维斯 / Antonella Elia / Michael Eliopoulos / Marston Fobbs / Riad Galayini / 杰拉德·加纳 / 贾斯汀·罗杰斯豪尔 / Mohammed Hassan / Amber Havens / Ksenia Jarova / 巴里·朱利安 / Svilena Kidess / Zuzana Monroe / 艾丽西亚·奥奇瑟 / 本杰明·奥切恩格,剧情/喜剧/爱情, 美国, 英语 / 保加利亚语 / 西班牙语 / 俄语 / 汉语普通话 / 德语 / 法语,128分钟,人不可妄自菲薄，人应当勇敢、坚强、坚定、乐观、积极、向上的活着。
教父2,The Godfather: Part Ⅱ,No.56,1974,9.2,弗朗西斯·福特·科波拉,阿尔·帕西诺 / 罗伯特·杜瓦尔 / 黛安·基顿 / 罗伯特·德尼罗 / 约翰·凯泽尔 / 塔莉娅·夏尔 / 李·斯特拉斯伯格 / 迈克尔·V·格佐 / G•D•斯普拉德林 / 理查德·布赖特 / 加斯通·莫辛 / 汤姆·罗斯奎 / 布鲁诺·柯比 / 弗兰克·西维罗 / 弗朗西丝卡·德·萨维奥 / 摩甘娜金 / 玛丽亚娜·希尔 / 莱奥波多·特里耶斯泰 / 多米尼克·查尼斯 / Amerigo Tot / 特洛伊·多纳胡 / 约翰·阿普雷亚 / 乔·斯皮内尔 / 阿贝·维高达 / 吉亚尼·罗素 / Maria Carta / 菲伊·斯潘 / 哈利·戴恩·斯坦通 / 卡明·卡里迪 / 丹尼·爱罗 / 威廉·鲍尔斯 / 约瑟夫·德拉·索尔特 / 卡门·阿尔根齐亚诺 / 乔·罗·格里普 / Ezio Flagello / 凯瑟琳·贝勒 / Saveria Mazzola / Tito Alba / 彼得·多纳特 / 汤姆·达尔格伦 / Phil Feldman / 罗杰·科曼 / 伊凡·科尔 / 艾丽卡·约恩 / Teresa Tirelli / 詹姆斯·肯恩 / Italia Coppola / 罗曼·科波拉 / 索菲亚·科波拉 / 朱莉·格雷格 / George Holmes / Buck Houghton / Shep Houghton / 小杉正一 / 加里·库尔茨 / Laura Lyons / 理查德·麦瑟森 / 约翰·梅根纳 / Harrison Ressler / Al Roberts / Hank Robinson / Filomena Spagnuolo,剧情/犯罪, 美国, 英语 / 意大利语 / 西班牙语 / 拉丁语 / 西西里语,202分钟,帕西诺太帅了~
波西米亚狂想曲,Bohemian Rhapsody,No.220,2018,8.7,布莱恩·辛格,拉米·马雷克 / 本·哈迪 / 约瑟夫·梅泽罗 / 格威利姆·李 / 艾伦·里奇 / 露西·宝通 / 艾丹·吉伦 / 汤姆·霍兰德 / 麦克·梅尔斯 / 阿隆·麦克卡斯克 / 梅内卡·达斯 / 迪基·博 / 蒂姆· 普莱斯特 / 杰克·罗思 / 马克斯·班内特 / 基兰·哈德卡斯托 / 罗斯·格林 / 布鲁斯·麦克金伦 / 米歇尔·邓肯 / 马特·格林伍德 / 罗茜·本杰明 / 约翰·奥特曼 / 詹姆斯·华莱士 / 文森特·阿德里安 / 拉斯科·阿特金斯 / 乔纳森·奇塔姆 / 迈克尔·科布 / 耶稣·加洛 / 亚当·兰伯特 / 豪尔赫·莱昂·马丁内斯 / 杰森· 莱恩斯 / 伊斯雷尔·鲁兹,剧情/同性/音乐/传记, 英国 / 美国, 英语,135分钟,Rami Malek该拿个奥斯卡提名了，台风简直神还原。最后Live Aid拍出了那么点伟大的范儿，我特意去油管看了原视频，电影这段还原得原汁原味，高空航拍越过人山人海的观众，然后镜头直接连到主舞台钢琴下对Freddie的特写，这个合成长镜头实在太酷了！万众瞩目，集全宇宙之光于一身的感觉；开头唱到Life had just begun就开始泪崩，结合他之前跟乐队成员说出自己得了艾滋，再看Bohem...Rami Malek该拿个奥斯卡提名了，台风简直神还原。最后Live Aid拍出了那么点伟大的范儿，我特意去油管看了原视频，电影这段还原得原汁原味，高空航拍越过人山人海的观众，然后镜头直接连到主舞台钢琴下对Freddie的特写，这个合成长镜头实在太酷了！万众瞩目，集全宇宙之光于一身的感觉；开头唱到Life had just begun就开始泪崩，结合他之前跟乐队成员说出自己得了艾滋，再看Bohemian Rhapsody的歌词，感觉每一句都是重磅催泪弹，于是才明白为啥这部传记片要用这首歌名当电影名；Live Aid上演出的每分每秒，都是Freddie燃烧生命的表演，这是他传奇人生的伟大谢幕。()
绿皮书,Green Book,No.61,2018,8.9,彼得·法雷里,维果·莫腾森 / 马赫沙拉·阿里 / 琳达·卡德里尼 / 塞巴斯蒂安·马尼斯科 / 迪米特·D·马里诺夫 / 迈克·哈顿 / P·J·伯恩 / 乔·柯蒂斯 / 玛姬·尼克松 / 冯·刘易斯 / 乔恩·索特兰 / 唐·斯达克 / 安东尼·曼加诺 / 保罗·斯隆 / 珍娜·劳伦索 / 肯尼斯·以色列 / 伊克博·塞巴 / 尼克·瓦莱隆加 / 大卫·安 / 迈克·切罗内 / 杰拉尔丁·辛格 / 马丁·巴特斯·布拉德福德 / 格拉伦·布莱恩特·班克斯 / 汤姆·维图 / 夏恩·帕特洛 / 丹尼斯·W·霍尔 / 吉姆·克洛克 / 戴恩·罗兹 / 布赖恩·斯特帕尼克 / 乔恩·迈克尔·戴维斯 / 布莱恩·库瑞 / 托尼亚·马尔多纳多,剧情/喜剧/音乐/传记, 美国 / 中国大陆, 英语 / 意大利语 / 俄语 / 德语,130分钟,肯德基年度推广大电影
小偷家族,万引き家族,No.183,2018,8.7,是枝裕和,中川雅也 / 安藤樱 / 松冈茉优 / 城桧吏 / 佐佐木美结 / 树木希林 / 绪形直人 / 池松壮亮 / 森口瑶子 / 山田裕贵 / 片山萌美 / 柄本明 / 高良健吾 / 池胁千鹤 / 足立智充,剧情/家庭/犯罪, 日本, 日语,117分钟(中国大陆),我很努力试图去同情人物，还是没法同情他们。情节很cheap，直白生硬，全片无一处情感发自创作者肺腑。可恨之人有可怜之处，如果可恨可怜都写得不充分，人物怎么立得住呢？是枝裕和最近作品太多，应该好好休息积累一下，一年三熟的水稻再好吃也比不上一年一熟的。
再次出发之纽约遇见你,Begin Again,No.240,2013,8.6,约翰·卡尼,凯拉·奈特莉 / 马克·鲁弗洛 / 亚当·莱文 / 詹姆斯·柯登 / 海莉·斯坦菲尔德 / 凯瑟琳·基纳 / 茅斯·达夫 / 罗伯·莫洛 / 伊恩·布罗茨基 / 香农·沃尔什 / 大卫·埃伯利斯 / 马科·阿桑特 / 玛丽·凯瑟琳·歌瑞森 / 詹·雅各布 / 席洛·格林 / 詹妮弗·李·杰克逊 / 特里·刘易斯 / 吉米·帕伦博 / 西蒙·德兰尼 / 丹妮尔·布里瑟布瓦 / 基恩·鲁弗洛 / 尼古拉斯·丹尼尔·冈萨雷斯 / 麦迪·科尔曼 / 阿雅·卡什 / 大卫·彭德尔顿 / 保罗·罗梅罗 / 安德鲁·塞伦 / 凯伦·皮特曼 / 罗恩·沃斯,喜剧/爱情/音乐, 美国, 英语,104分钟,“我之所以爱音乐，是因为它让每一个平凡的瞬间，都充满了意义。生活里的很多细节，因为有了音乐而变成闪亮的珍珠” 8年后再续《曾经》，没有狗血的大情小爱，所有故事就跟每个人的普通日常一样，平淡自然，水到渠成，不拘谨，也不奢望，他们单纯因为音乐而在一起。
拯救大兵瑞恩,Saving Private Ryan,No.72,1998,9.0,史蒂文·斯皮尔伯格,汤姆·汉克斯 / 汤姆·塞兹摩尔 / 爱德华·伯恩斯 / 巴里·佩珀 / 亚当·戈德堡 / 范·迪塞尔 / 吉奥瓦尼·瑞比西 / 杰瑞米·戴维斯 / 马特·达蒙 / 特德·丹森 / 保罗·吉亚玛提 / 丹尼斯·法里纳 / 马克斯·马蒂尼 / 丹兰·布鲁诺 / 丹尼尔·切尔奎拉 / 迪米特里·格里特萨斯 / 史蒂夫·格里芬 / 彼得·迈尔斯 / 亚当·肖 / 罗尔夫·萨克森 / 克里·约翰逊 / 洛克兰·艾肯 / 尚恩·约翰逊 / 莱尔德·曼辛托斯 / 安德鲁·斯科特 / 马修·夏普 / 文森特·沃尔什 / 约翰·沙拉恩 / 马丁·哈伯 / 罗非洛·迪格托勒 / 恩里奇·雷德曼 / 米歇尔·埃文斯 / 内森·菲利安 / 利兰·奥瑟 / 大卫·维格 / 瑞恩·赫斯特 / 哈威·普雷斯内尔 / 代尔·戴 / 布莱恩·科兰斯顿 / 大卫·沃尔 / 埃里克·罗兰 / 哈里逊·杨 / 凯思琳·拜荣 / 约翰·德·兰西 / 詹姆斯·恩布里 / 德里克·李 / 若昂·科斯塔·梅内塞斯 / 马克·施泰因迈尔,剧情/战争, 美国, 英语 / 法语 / 德语 / 捷克语,169分钟,为什么看中国战争片就感觉high得不行真想打一仗，看外国战争片就觉得战争真可怕和平多好啊。。。。再不在吃饭的时候看战争片了，太胸闷了。
哈利·波特与火焰杯,Harry Potter and the Goblet of Fire,No.154,2005,8.7,迈克·内威尔,丹尼尔·雷德克里夫 / 艾玛·沃森 / 鲁伯特·格林特 / 迈克尔·刚本 / 玛吉·史密斯 / 汤姆·费尔顿 / 蒂莫西·斯波 / 罗伯特·帕丁森 / 梁佩诗 / 大卫·田纳特 / 马克·威廉姆斯 / 埃里克·赛克斯 / 詹姆斯·菲尔普斯 / 奥利弗·菲尔普斯 / 邦妮·怀特 / 克蕾曼丝·波西 / 加里·奥德曼 / 杰夫·劳勒 / 詹森·艾萨克 / 斯坦尼斯拉夫·雅涅夫斯基 / 罗伯特·哈迪 / 阿什莉·阿尔图斯 / 亚历克斯·帕尔墨 / 罗格·洛伊德-派克 / 希拉·艾伦 / Su Elliot / 大卫·斯特恩 / 玛格里·梅森 / 马修·刘易斯 / 罗彼·考特拉尼 / 威廉姆·麦灵 / 大卫·布拉德利 / 戴文·穆雷 / 艾芙珊·阿扎德 / 沃维克·戴维斯 / 弗朗西斯·德·拉·图瓦 / 谢发丽·裘德胡里 / 安吉拉珂·曼蒂 / 艾伦·瑞克曼 / 普里德拉格·比耶拉克 / Tolga Safer / 布莱丹·格里森 / 阿尔弗雷德·伊诺奇 / 路易·多伊尔 / 杰米·威莱特 / 乔什·赫德曼 / 夏洛特·斯凯奇 / 米兰达·理查森 / 罗伯特·威尔福特 / Tiana Benjamin / 亨利·劳埃德-休斯 / 贾维斯·考科尔 / 强尼·格林伍德 / 菲尔·塞尔维 / 史蒂夫·麦基 / Jason Buckle / Steve Claydon / 雪莉·亨德森 / 拉尔夫·费因斯 / 阿德里安·劳林斯 / 杰拉丁·萨莫维尔 / 拉斯科·阿特金斯 / Jack Bagley / 葛蕾·贝拉玛西娜 / Paul Davies / Barry Dowden / Natalie Hallam,悬疑/奇幻/冒险, 英国 / 美国, 英语 / 法语,157 分钟,不管是书还是电影，火焰杯都是最好看的
魂断蓝桥,Waterloo Bridge,No.219,1940,8.8,茂文·勒鲁瓦,费雯·丽 / 罗伯特·泰勒 / 露塞尔·沃特森 / 弗吉尼亚·菲尔德 / 玛丽亚·彭斯卡娅 / C.奥布雷·史密斯 / Janet Shaw / Janet Waldo / Steffi Duna / Virginia Carroll / Eleanor Stewart / Lowden Adams / Harry Allen / Jimmy Aubrey / Phyllis Barry / Colin Campbell / 丽塔·卡莱尔 / 里奥.G.卡罗尔 / 戴维·卡文迪什 / 大卫·克莱德 / 汤姆·康威 / Frank Dawson / Connie Emerald / Gilbert Emery / 赫伯特·埃文斯 / 迪克·戈登 / Denis Green / 艾塞尔·格里菲斯 / Bobby Hale / Winifred Harris / 哈利韦尔·霍布斯 / Harold Howard / Charles Irwin / George Kirby / Walter Lawrence / 威尔弗雷德·卢卡斯 / Dan Maxwell / James May / Florine McKinney / Charles McNaughton / Frank Mitchell / 埃德蒙·莫蒂默 / 伦纳德米迪 / 坦普·皮戈特 / John Power / Clara Reid / Paul Scardon / 约翰·格雷厄姆·斯佩西 / Wyndham Standing / 哈里·斯塔布斯 / Cyril Thornton / 戴维·瑟斯比 / 诺玛·威登 / 帕特·威尔士 / 玛莎·温特沃思 / Frank Whitbeck / Eric Wilton / 罗伯特·温克勒 / 道格拉斯·伍德,剧情/爱情/战争, 美国, 英语 / 法语,108分钟,真爱不是订婚之后隔天就跑去打仗再无音信，真爱是一起去车站揽活儿。Kitty才是真爱Myra。
黑天鹅,Black Swan,No.187,2010,8.6,达伦·阿伦诺夫斯基,娜塔莉·波特曼 / 米拉·库尼斯 / 文森特·卡索 / 芭芭拉·赫希 / 薇诺娜·瑞德 / 本杰明·米派德 / 克塞尼亚·索罗 / 克里斯汀娜·安娜波 / 詹妮特·蒙哥马利 / 塞巴斯蒂安·斯坦 / 托比·海明威 / 塞尔吉奥·托拉多 / 马克·马戈利斯 / 蒂娜·斯隆 / 亚伯拉罕·阿罗诺夫斯基 / 夏洛特·阿罗诺夫斯基 / 玛西娅·让·库尔茨 / 肖恩·奥哈根 / 克里斯托弗·加廷 / 黛博拉·奥夫纳 / 斯坦利·B·赫尔曼 / 库尔特·弗勒曼 / 帕特里克·赫辛格 / 莎拉·海伊,剧情/惊悚, 美国, 英语 / 法语 / 意大利语,108分钟,舞台上那段黑天鹅太惊艳了！！！！！！Natalie这牛逼演技！！！！！！
萤火虫之墓,火垂るの墓,No.191,1988,8.7,高畑勋,辰己努 / 白石绫乃 / 志乃原良子 / 山口朱美 / 端田宏三,剧情/动画/战争, 日本, 日语,89 分钟,日本人博取同情的功利 是中国的N倍。
岁月神偷,歲月神偷,No.171,2010,8.7,罗启锐,吴君如 / 任达华 / 钟绍图 / 李治廷 / 蔡颖恩 / 秦沛 / 夏萍 / 谷德昭 / 许鞍华 / 张同祖 / 庄域飞 / 威廉希路 / 李健兴 / 林耀祺 / 廖爱玲 / 张翼东 / 钱耀荣 / 谭瓒强 / 陈庆航 / 黎祥荣,剧情/家庭, 中国香港 / 中国大陆, 粤语 / 汉语普通话 / 英语 / 上海话 / 法语,117分钟,没想到2010年还能看到这样的电影，感到很幸福。
